Date,Open,High,Low,Close,Adj Close,Volume,Dividends,Stock Splits
2019-03-07,1136.64,1175.59,1130.06,1153.62,1120.08,191884,0.0,0.0
2019-03-08,1153.89,1161.83,1133.73,1149.35,1115.94,138564,0.0,0.0
2019-03-11,1149.35,1159.34,1145.26,1149.53,1116.11,44003,0.0,0.0
2019-03-12,1156.34,1162.97,1129.38,1138.68,1105.58,63201,0.0,0.0
2019-03-13,1141.68,1195.56,1133.01,1177.45,1143.22,561331,0.0,0.0
2019-03-14,1185.75,1202.91,1172.09,1188.93,1154.37,315481,0.0,0.0
2019-03-15,1196.01,1196.01,1176.68,1183.67,1149.26,240159,0.0,0.0
2019-03-18,1193.83,1202.91,1180.22,1185.44,1150.98,81145,0.0,0.0
2019-03-19,1188.16,1202.91,1181.17,1198.01,1163.18,102642,0.0,0.0
2019-03-20,1201.82,1220.16,1198.1,1215.35,1180.02,121312,0.0,0.0
2019-03-22,1220.53,1224.7,1211.86,1216.53,1181.17,78801,0.0,0.0
2019-03-25,1214.62,1216.53,1199.24,1211.67,1176.45,50755,0.0,0.0
2019-03-26,1211.99,1220.16,1198.42,1208.31,1173.19,38874,0.0,0.0
2019-03-27,1211.99,1223.79,1198.33,1204.23,1169.22,201412,0.0,0.0
2019-03-28,1199.37,1209.0,1187.89,1193.74,1159.04,169781,0.0,0.0
2019-04-01,1198.37,1205.64,1189.29,1196.38,1161.6,107242,0.0,0.0
2019-04-02,1196.56,1222.16,1187.48,1200.55,1165.65,214217,0.0,0.0
2019-04-03,1206.36,1216.53,1198.46,1209.4,1174.25,76579,0.0,0.0
2019-04-04,1211.99,1214.67,1189.29,1203.32,1168.34,45078,0.0,0.0
2019-04-05,1197.28,1252.84,1197.28,1250.62,1214.27,175660,0.0,0.0
2019-04-08,1246.49,1288.25,1244.4,1267.37,1230.53,267659,0.0,0.0
2019-04-09,1263.01,1285.53,1252.25,1278.58,1241.41,101794,0.0,0.0
2019-04-10,1275.54,1277.36,1244.67,1254.25,1217.79,75853,0.0,0.0
2019-04-11,1255.52,1287.53,1248.08,1278.58,1241.41,66836,0.0,0.0
2019-04-12,1277.27,1301.42,1273.73,1297.56,1259.84,112640,0.0,0.0
2019-04-15,1297.56,1305.5,1286.44,1292.16,1254.59,41164,0.0,0.0
2019-04-16,1300.05,1304.5,1280.08,1281.58,1244.32,175260,0.0,0.0
2019-04-18,1283.8,1315.49,1283.8,1304.41,1266.49,105257,0.0,0.0
2019-04-22,1289.16,1320.93,1276.81,1306.54,1268.56,165460,0.0,0.0
2019-04-23,1310.95,1355.89,1310.95,1342.09,1303.07,337954,0.0,0.0
2019-04-24,1330.01,1366.33,1326.11,1353.94,1314.58,138939,0.0,0.0
2019-04-25,1359.97,1361.61,1339.09,1356.7,1317.26,51968,0.0,0.0
2019-04-26,1356.34,1356.34,1335.96,1344.63,1310.18,81370,4.8,0.0
2019-04-30,1343.99,1351.8,1336.82,1343.0,1313.27,65056,4.8,0.0
2019-05-02,1348.17,1379.85,1326.7,1340.77,1311.1,290208,0.0,0.0
2019-05-03,1340.0,1377.95,1336.82,1355.66,1325.66,125491,0.0,0.0
2019-05-06,1343.63,1368.05,1335.46,1342.77,1313.05,193479,0.0,0.0
2019-05-07,1339.09,1358.97,1330.51,1342.54,1312.83,63275,0.0,0.0
2019-05-08,1343.86,1359.06,1314.58,1319.62,1290.41,193212,0.0,0.0
2019-05-09,1316.4,1316.4,1253.03,1258.2,1230.36,166605,0.0,0.0
2019-05-10,1253.3,1269.91,1218.03,1250.26,1222.59,136872,0.0,0.0
2019-05-13,1269.19,1269.19,1216.53,1223.29,1196.22,32774,0.0,0.0
2019-05-14,1230.92,1252.84,1190.48,1247.94,1220.32,182310,0.0,0.0
2019-05-15,1237.41,1280.08,1231.28,1251.3,1223.61,38926,0.0,0.0
2019-05-16,1251.94,1274.54,1235.64,1259.43,1231.55,67967,0.0,0.0
2019-05-17,1257.38,1274.45,1246.08,1262.92,1234.97,23821,0.0,0.0
2019-05-20,1288.07,1309.13,1275.54,1304.68,1275.81,54114,0.0,0.0
2019-05-21,1307.32,1323.61,1283.71,1297.19,1268.48,115365,0.0,0.0
2019-05-22,1293.7,1326.84,1272.09,1322.89,1293.61,47943,0.0,0.0
2019-05-23,1352.71,1352.71,1290.07,1305.23,1276.34,84054,0.0,0.0
2019-05-24,1328.97,1361.79,1311.72,1359.02,1328.94,84808,0.0,0.0
2019-05-27,1341.82,1470.69,1341.82,1464.65,1432.23,360765,0.0,0.0
2019-05-28,1467.1,1468.92,1414.13,1447.58,1415.54,191315,0.0,0.0
2019-05-29,1448.03,1452.66,1431.83,1441.59,1409.68,190067,0.0,0.0
2019-05-30,1434.42,1441.59,1418.17,1429.24,1397.61,34614,0.0,0.0
2019-05-31,1434.19,1451.08,1417.17,1424.7,1393.17,48943,0.0,0.0
2019-06-03,1426.34,1466.65,1408.36,1446.54,1414.52,98299,0.0,0.0
2019-06-04,1446.54,1461.47,1409.0,1417.76,1386.38,107290,0.0,0.0
2019-06-06,1416.26,1433.87,1383.58,1388.84,1358.1,62948,0.0,0.0
2019-06-07,1389.98,1429.88,1377.22,1420.03,1388.6,46049,0.0,0.0
2019-06-10,1419.12,1478.9,1409.18,1419.35,1387.93,216299,0.0,0.0
2019-06-11,1416.26,1437.82,1398.65,1404.05,1372.97,111838,0.0,0.0
2019-06-12,1405.14,1429.56,1361.83,1367.73,1337.46,203937,0.0,0.0
2019-06-13,1370.87,1410.81,1363.6,1369.82,1339.51,243741,0.0,0.0
2019-06-14,1373.59,1402.05,1363.6,1372.18,1341.81,121838,0.0,0.0
2019-06-17,1373.54,1398.1,1370.55,1392.38,1361.57,107112,0.0,0.0
2019-06-18,1397.1,1404.46,1389.93,1397.74,1366.8,56831,0.0,0.0
2019-06-19,1400.83,1419.85,1398.1,1411.22,1379.99,65686,0.0,0.0
2019-06-20,1412.54,1431.06,1393.56,1422.57,1391.09,42270,0.0,0.0
2019-06-21,1421.71,1432.15,1390.02,1415.4,1384.07,120159,0.0,0.0
2019-06-24,1416.4,1428.06,1407.18,1417.08,1385.71,80440,0.0,0.0
2019-06-25,1419.89,1423.52,1398.92,1415.4,1384.07,30243,0.0,0.0
2019-06-26,1413.58,1460.74,1408.09,1453.94,1421.76,152297,0.0,0.0
2019-06-27,1452.57,1488.89,1441.68,1455.16,1422.96,193979,0.0,0.0
2019-06-28,1443.5,1468.64,1441.68,1454.8,1422.6,59272,0.0,0.0
2019-07-01,1452.66,1481.9,1440.27,1453.8,1421.62,171308,0.0,0.0
2019-07-02,1461.65,1465.28,1449.44,1452.98,1420.83,70439,0.0,0.0
2019-07-03,1459.79,1466.6,1452.57,1459.61,1427.31,64420,0.0,0.0
2019-07-04,1459.84,1511.58,1457.11,1499.78,1466.59,203731,0.0,0.0
2019-07-05,1508.41,1516.12,1380.94,1399.87,1368.89,252154,0.0,0.0
2019-07-08,1403.55,1429.88,1322.84,1345.63,1315.85,137689,0.0,0.0
2019-07-09,1348.26,1414.44,1338.64,1390.48,1359.7,222793,0.0,0.0
2019-07-10,1383.58,1406.45,1349.58,1374.68,1344.26,68287,0.0,0.0
2019-07-11,1380.85,1393.56,1364.6,1369.01,1338.71,30315,0.0,0.0
2019-07-12,1378.04,1378.04,1349.08,1362.56,1332.4,42720,0.0,0.0
2019-07-15,1363.97,1370.87,1350.98,1358.84,1328.76,46973,0.0,0.0
2019-07-16,1358.84,1384.44,1341.41,1380.35,1349.8,42607,0.0,0.0
2019-07-17,1378.9,1393.02,1344.54,1351.89,1321.97,123941,0.0,0.0
2019-07-18,1355.43,1361.79,1311.86,1320.12,1290.9,69760,0.0,0.0
2019-07-19,1326.7,1333.33,1281.03,1284.71,1256.28,53263,0.0,0.0
2019-07-22,1288.61,1288.61,1251.35,1274.54,1246.33,50040,0.0,0.0
2019-07-23,1280.08,1311.81,1236.37,1248.26,1220.63,260200,0.0,0.0
2019-07-24,1253.84,1263.19,1226.52,1236.46,1209.09,68906,0.0,0.0
2019-07-25,1252.84,1283.62,1240.23,1273.54,1245.36,491229,0.0,0.0
2019-07-26,1280.08,1296.42,1243.77,1254.71,1226.94,102877,0.0,0.0
2019-07-29,1261.92,1289.16,1243.77,1266.05,1238.03,164411,0.0,0.0
2019-07-30,1269.19,1275.27,1228.29,1233.14,1205.85,320587,0.0,0.0
2019-07-31,1235.6,1247.4,1214.62,1237.5,1210.11,58743,0.0,0.0
2019-08-01,1233.78,1263.69,1218.75,1228.02,1200.84,56036,0.0,0.0
2019-08-02,1230.6,1261.92,1216.53,1241.77,1214.29,50578,0.0,0.0
2019-08-05,1224.97,1261.92,1207.63,1252.03,1224.32,63900,0.0,0.0
2019-08-06,1248.31,1271.0,1247.44,1256.98,1229.16,26854,0.0,0.0
2019-08-07,1260.74,1269.28,1240.09,1262.42,1234.48,58978,0.0,0.0
2019-08-08,1266.1,1298.1,1243.77,1266.42,1238.39,72135,0.0,0.0
2019-08-09,1284.26,1291.61,1261.92,1268.01,1239.94,35155,0.0,0.0
2019-08-13,1263.56,1277.36,1245.58,1252.03,1224.32,60991,0.0,0.0
2019-08-14,1253.12,1264.65,1190.66,1224.66,1197.55,84588,0.0,0.0
2019-08-16,1224.61,1242.36,1216.12,1233.55,1206.25,48801,0.0,0.0
2019-08-19,1240.14,1254.66,1226.52,1244.04,1216.51,48128,0.0,0.0
2019-08-20,1249.21,1252.53,1236.5,1239.18,1211.76,40192,0.0,0.0
2019-08-21,1239.18,1246.49,1227.42,1234.1,1206.79,47032,0.0,0.0
2019-08-22,1236.09,1238.32,1216.53,1225.11,1198.0,53912,0.0,0.0
2019-08-23,1217.67,1228.29,1206.09,1216.35,1189.43,61859,0.0,0.0
2019-08-26,1234.87,1296.42,1209.77,1272.09,1243.94,58490,0.0,0.0
2019-08-27,1276.04,1286.3,1245.58,1251.48,1223.79,50102,0.0,0.0
2019-08-28,1248.44,1261.97,1227.52,1235.96,1208.6,201330,0.0,0.0
2019-08-29,1238.32,1238.32,1203.0,1209.54,1182.77,148029,0.0,0.0
2019-08-30,1212.9,1229.24,1204.77,1215.12,1188.23,28457,0.0,0.0
2019-09-03,1214.71,1221.07,1197.33,1207.23,1180.51,31173,0.0,0.0
2019-09-04,1208.68,1216.53,1193.88,1198.01,1171.5,53962,0.0,0.0
2019-09-05,1206.91,1210.18,1192.02,1194.88,1168.43,23432,0.0,0.0
2019-09-06,1198.19,1215.62,1189.61,1197.74,1171.23,31140,0.0,0.0
2019-09-09,1197.19,1213.81,1189.29,1205.5,1178.82,34565,0.0,0.0
2019-09-11,1207.45,1221.98,1198.37,1206.0,1179.31,38834,0.0,0.0
2019-09-12,1212.45,1221.98,1203.05,1211.22,1184.41,25701,0.0,0.0
2019-09-13,1216.85,1239.23,1203.19,1223.84,1196.75,57731,0.0,0.0
2019-09-16,1232.74,1243.68,1208.36,1220.75,1193.73,126526,0.0,0.0
2019-09-17,1226.06,1231.92,1208.41,1213.13,1186.28,31702,0.0,0.0
2019-09-18,1210.27,1216.08,1202.0,1203.73,1177.09,29287,0.0,0.0
2019-09-19,1207.45,1210.63,1196.51,1203.32,1176.69,21440,0.0,0.0
2019-09-20,1206.18,1393.79,1195.6,1279.26,1250.95,339606,0.0,0.0
2019-09-23,1289.16,1453.48,1289.16,1410.13,1378.92,789590,0.0,0.0
2019-09-24,1425.34,1435.32,1402.64,1428.38,1396.77,151947,0.0,0.0
2019-09-25,1426.25,1429.88,1370.87,1397.74,1366.8,91106,0.0,0.0
2019-09-26,1398.6,1437.96,1275.54,1325.38,1296.05,613384,0.0,0.0
2019-09-27,1334.55,1407.14,1334.55,1402.96,1371.91,301724,0.0,0.0
2019-09-30,1393.52,1393.52,1366.33,1375.72,1345.28,171868,0.0,0.0
2019-10-01,1389.02,1411.72,1313.72,1348.62,1318.78,149768,0.0,0.0
2019-10-03,1344.04,1349.08,1316.49,1326.47,1297.12,200548,0.0,0.0
2019-10-04,1334.78,1364.38,1323.66,1329.15,1299.73,53695,0.0,0.0
2019-10-07,1325.56,1348.12,1309.13,1330.69,1301.24,31044,0.0,0.0
2019-10-09,1339.0,1370.32,1330.47,1349.08,1319.22,103172,0.0,0.0
2019-10-10,1348.17,1356.2,1320.3,1329.51,1300.09,34796,0.0,0.0
2019-10-11,1339.05,1367.19,1334.78,1346.49,1316.69,104808,0.0,0.0
2019-10-14,1344.54,1365.78,1331.83,1342.18,1312.47,138056,0.0,0.0
2019-10-15,1343.54,1379.95,1330.6,1358.79,1328.72,54563,0.0,0.0
2019-10-16,1373.59,1393.11,1364.65,1379.49,1348.96,110260,0.0,0.0
2019-10-17,1381.58,1393.56,1368.14,1379.31,1348.78,55887,0.0,0.0
2019-10-18,1385.12,1423.48,1379.31,1412.9,1381.63,211825,0.0,0.0
2019-10-22,1413.54,1434.42,1380.85,1397.38,1366.45,124405,0.0,0.0
2019-10-23,1398.1,1424.29,1389.02,1394.97,1364.1,34697,0.0,0.0
2019-10-24,1397.19,1406.14,1367.28,1374.41,1343.99,65081,0.0,0.0
2019-10-25,1379.95,1387.34,1345.08,1357.48,1327.43,30088,0.0,0.0
2019-10-27,1369.96,1383.94,1362.7,1375.95,1345.5,6810,0.0,0.0
2019-10-29,1376.09,1379.9,1328.2,1334.23,1304.71,120860,0.0,0.0
2019-10-30,1346.17,1346.17,1308.81,1314.72,1285.62,132618,0.0,0.0
2019-10-31,1326.29,1359.97,1315.17,1324.2,1294.9,312278,0.0,0.0
2019-11-01,1324.2,1343.63,1317.89,1324.43,1295.12,82118,0.0,0.0
2019-11-04,1332.46,1342.18,1318.85,1322.48,1293.21,39270,0.0,0.0
2019-11-05,1322.98,1338.18,1312.36,1314.9,1285.8,44741,0.0,0.0
2019-11-06,1312.36,1333.55,1298.24,1327.06,1297.69,61128,0.0,0.0
2019-11-07,1330.01,1355.43,1322.8,1346.13,1316.34,58865,0.0,0.0
2019-11-08,1338.64,1343.54,1308.81,1327.92,1298.54,80822,0.0,0.0
2019-11-11,1325.47,1333.64,1312.49,1323.07,1293.79,48351,0.0,0.0
2019-11-13,1323.07,1396.29,1287.71,1359.65,1329.56,393686,0.0,0.0
2019-11-14,1357.25,1357.25,1330.01,1333.55,1304.04,217995,0.0,0.0
2019-11-15,1336.28,1341.54,1321.21,1331.24,1301.78,57855,0.0,0.0
2019-11-18,1331.24,1338.18,1311.86,1321.52,1292.28,37153,0.0,0.0
2019-11-19,1317.58,1343.63,1317.58,1338.68,1309.06,48125,0.0,0.0
2019-11-20,1335.91,1339.09,1306.64,1316.08,1286.95,702601,0.0,0.0
2019-11-21,1316.4,1324.02,1303.69,1306.59,1277.67,36146,0.0,0.0
2019-11-22,1307.27,1307.27,1274.63,1280.13,1251.79,42342,0.0,0.0
2019-11-25,1275.63,1293.61,1273.73,1277.81,1249.53,52675,0.0,0.0
2019-11-26,1280.08,1300.96,1276.54,1284.26,1255.83,72123,0.0,0.0
2019-11-27,1290.43,1310.04,1282.85,1306.27,1277.36,50905,0.0,0.0
2019-11-28,1298.33,1322.75,1298.33,1313.67,1284.6,34827,0.0,0.0
2019-11-29,1318.21,1343.63,1308.5,1314.4,1285.31,64771,0.0,0.0
2019-12-02,1311.86,1356.34,1309.99,1343.09,1313.36,87071,0.0,0.0
2019-12-03,1341.82,1342.63,1321.12,1326.11,1296.76,90214,0.0,0.0
2019-12-04,1330.83,1339.09,1313.94,1316.12,1286.99,61052,0.0,0.0
2019-12-05,1321.71,1321.71,1303.69,1307.45,1278.52,165078,0.0,0.0
2019-12-06,1307.32,1315.03,1290.11,1309.68,1280.69,97503,0.0,0.0
2019-12-09,1305.5,1330.01,1303.78,1316.53,1287.39,40473,0.0,0.0
2019-12-10,1318.21,1329.92,1311.9,1316.76,1287.62,83975,0.0,0.0
2019-12-11,1316.85,1334.37,1307.32,1324.48,1295.16,85909,0.0,0.0
2019-12-12,1324.48,1354.53,1312.17,1347.72,1317.89,92182,0.0,0.0
2019-12-13,1354.98,1382.67,1335.19,1350.21,1320.33,102917,0.0,0.0
2019-12-16,1352.71,1377.22,1335.46,1343.99,1314.25,137410,0.0,0.0
2019-12-17,1345.54,1357.25,1332.1,1338.55,1308.92,48808,0.0,0.0
2019-12-18,1332.33,1339.0,1309.36,1317.71,1288.55,133234,0.0,0.0
2019-12-19,1313.72,1347.26,1313.72,1340.0,1310.34,99303,0.0,0.0
2019-12-20,1324.0,1324.0,1257.8,1262.0,1234.07,81105,0.0,0.0
2019-12-23,1264.0,1279.0,1228.3,1261.3,1233.39,49583,0.0,0.0
2019-12-24,1264.95,1270.0,1232.1,1260.15,1232.26,18108,0.0,0.0
2019-12-26,1260.15,1280.0,1200.0,1272.15,1243.99,21839,0.0,0.0
2019-12-27,1272.15,1280.0,1252.0,1278.1,1249.81,19077,0.0,0.0
2019-12-30,1284.5,1301.65,1265.0,1295.45,1266.78,29393,0.0,0.0
2019-12-31,1275.0,1297.1,1275.0,1285.25,1256.8,46306,0.0,0.0
2020-01-01,1296.95,1296.95,1275.0,1290.0,1261.45,6827,0.0,0.0
2020-01-02,1277.0,1300.0,1276.5,1294.2,1265.56,7048,0.0,0.0
2020-01-03,1295.0,1329.7,1285.0,1322.25,1292.99,32674,0.0,0.0
2020-01-06,1321.95,1340.0,1275.0,1287.0,1258.52,31293,0.0,0.0
2020-01-07,1298.0,1315.0,1289.0,1306.75,1277.83,27246,0.0,0.0
2020-01-08,1300.0,1318.0,1285.05,1310.7,1281.69,16798,0.0,0.0
2020-01-09,1319.0,1339.0,1285.0,1322.1,1292.84,49113,0.0,0.0
2020-01-10,1337.4,1405.8,1331.5,1372.4,1342.03,147240,0.0,0.0
2020-01-13,1379.4,1411.0,1370.1,1376.85,1346.38,37463,0.0,0.0
2020-01-14,1372.0,1411.0,1362.0,1369.2,1338.9,96552,0.0,0.0
2020-01-15,1373.8,1373.8,1315.0,1327.05,1297.68,89843,0.0,0.0
2020-01-16,1332.0,1345.0,1295.1,1306.35,1277.44,68577,0.0,0.0
2020-01-17,1307.15,1314.75,1292.05,1302.75,1273.92,35098,0.0,0.0
2020-01-20,1303.0,1316.0,1280.0,1290.6,1262.04,38416,0.0,0.0
2020-01-21,1290.0,1319.45,1286.0,1310.15,1281.15,37591,0.0,0.0
2020-01-22,1315.0,1315.35,1295.0,1303.3,1274.46,14625,0.0,0.0
2020-01-23,1309.0,1320.0,1302.0,1316.4,1287.27,13495,0.0,0.0
2020-01-24,1318.0,1364.85,1301.45,1329.05,1299.64,198401,0.0,0.0
2020-01-27,1312.0,1360.0,1312.0,1339.6,1309.95,45579,0.0,0.0
2020-01-28,1340.85,1352.0,1324.0,1329.75,1300.32,18818,0.0,0.0
2020-01-29,1331.0,1355.15,1331.0,1342.25,1312.54,17111,0.0,0.0
2020-01-30,1323.0,1346.85,1323.0,1331.75,1302.28,22645,0.0,0.0
2020-01-31,1349.0,1349.0,1295.0,1310.7,1281.69,16129,0.0,0.0
2020-02-03,1282.0,1315.0,1282.0,1292.3,1263.7,20304,0.0,0.0
2020-02-04,1301.0,1324.0,1293.8,1311.3,1282.28,21892,0.0,0.0
2020-02-05,1318.0,1348.0,1313.95,1338.5,1308.88,38870,0.0,0.0
2020-02-06,1339.7,1360.95,1324.3,1339.45,1309.81,25507,0.0,0.0
2020-02-07,1333.0,1340.0,1316.0,1328.95,1299.54,35789,0.0,0.0
2020-02-10,1332.0,1379.0,1317.0,1341.95,1312.25,186488,0.0,0.0
2020-02-11,1349.0,1365.0,1322.0,1334.2,1304.67,45537,0.0,0.0
2020-02-12,1339.8,1344.0,1255.2,1274.45,1246.24,290668,0.0,0.0
2020-02-13,1273.0,1278.15,1226.15,1268.65,1240.57,208984,0.0,0.0
2020-02-14,1268.85,1280.0,1229.35,1233.1,1205.81,56198,0.0,0.0
2020-02-17,1254.0,1254.0,1213.0,1223.5,1196.42,85129,0.0,0.0
2020-02-18,1220.5,1227.0,1200.7,1205.1,1178.43,41542,0.0,0.0
2020-02-19,1210.0,1229.0,1202.0,1209.75,1182.98,40075,0.0,0.0
2020-02-20,1213.9,1246.9,1213.35,1230.9,1203.66,48608,0.0,0.0
2020-02-24,1225.0,1225.0,1190.0,1191.95,1165.57,44916,0.0,0.0
2020-02-25,1192.0,1217.9,1192.0,1200.2,1173.64,24401,0.0,0.0
2020-02-26,1195.0,1212.35,1190.0,1201.4,1174.81,25367,0.0,0.0
2020-02-27,1198.0,1203.0,1189.0,1198.6,1172.07,40112,0.0,0.0
2020-02-28,1188.0,1195.0,1175.0,1185.0,1158.77,39171,0.0,0.0
2020-03-02,1185.0,1198.9,1182.05,1190.2,1163.86,99510,0.0,0.0
2020-03-03,1199.0,1204.85,1154.0,1161.0,1135.31,45482,0.0,0.0
2020-03-04,1168.95,1178.65,1150.0,1157.15,1131.54,41444,0.0,0.0
2020-03-05,1167.8,1185.0,1160.0,1180.55,1154.42,27103,0.0,0.0
2020-03-06,1168.0,1221.0,1155.0,1191.9,1165.52,36939,0.0,0.0
2020-03-09,1180.0,1192.75,1096.7,1129.85,1104.84,81699,0.0,0.0
2020-03-11,1130.0,1143.0,1096.5,1109.45,1084.9,55300,0.0,0.0
2020-03-12,1087.95,1087.95,1000.0,1038.6,1015.61,57759,0.0,0.0
2020-03-13,1008.7,1029.95,830.9,1006.8,984.52,113239,0.0,0.0
2020-03-16,1000.0,1018.45,947.0,963.85,942.52,492095,0.0,0.0
2020-03-17,980.0,980.0,920.0,948.8,927.8,48671,0.0,0.0
2020-03-18,974.0,974.0,899.3,905.1,885.07,32581,0.0,0.0
2020-03-19,880.0,925.0,835.0,895.9,876.07,280603,0.0,0.0
2020-03-20,898.5,969.95,851.05,949.55,928.53,42124,0.0,0.0
2020-03-23,825.0,999.0,805.0,863.05,843.95,58987,0.0,0.0
2020-03-24,900.0,900.0,821.2,830.15,811.78,34599,0.0,0.0
2020-03-25,801.0,850.0,801.0,834.55,816.08,58627,0.0,0.0
2020-03-26,835.7,870.2,829.55,861.3,842.24,29477,0.0,0.0
2020-03-27,915.15,915.15,835.0,852.5,833.63,34666,0.0,0.0
2020-03-30,839.55,889.0,826.0,881.4,861.89,30325,0.0,0.0
2020-03-31,910.0,949.0,866.75,935.4,914.7,141102,0.0,0.0
2020-04-01,935.4,949.0,904.9,929.65,909.08,14021,0.0,0.0
2020-04-03,914.3,949.0,893.0,934.15,913.48,40418,0.0,0.0
2020-04-07,969.9,1050.0,911.0,931.35,910.74,162721,0.0,0.0
2020-04-08,935.0,965.0,910.0,930.7,910.1,87733,0.0,0.0
2020-04-09,943.0,948.0,916.35,926.85,906.34,75668,0.0,0.0
2020-04-13,930.0,934.0,897.5,907.2,887.12,62956,0.0,0.0
2020-04-15,915.0,934.4,901.0,915.85,895.58,32470,0.0,0.0
2020-04-16,914.8,928.05,898.95,900.15,880.23,140790,0.0,0.0
2020-04-17,918.4,933.0,913.8,924.9,904.43,40359,0.0,0.0
2020-04-20,936.3,972.75,900.35,906.75,886.68,165835,0.0,0.0
2020-04-21,900.0,929.0,887.55,894.5,874.7,99664,0.0,0.0
2020-04-22,900.85,921.8,887.05,908.05,887.95,158811,0.0,0.0
2020-04-23,905.0,921.95,896.2,901.8,881.84,86092,0.0,0.0
2020-04-24,901.8,906.55,890.0,893.45,873.68,62319,0.0,0.0
2020-04-27,900.0,907.0,880.05,883.35,863.8,47484,0.0,0.0
2020-04-28,892.5,906.45,868.0,873.4,854.07,138274,0.0,0.0
2020-04-29,881.0,891.75,875.0,880.15,860.67,60887,0.0,0.0
2020-04-30,900.0,913.15,890.1,900.55,880.62,145626,0.0,0.0
2020-05-04,895.0,895.0,870.0,879.5,860.04,47410,0.0,0.0
2020-05-05,893.8,896.05,870.05,873.2,853.87,24424,0.0,0.0
2020-05-06,871.0,887.95,866.05,869.55,850.31,45865,0.0,0.0
2020-05-07,864.5,872.0,856.0,858.5,844.16,30256,4.8,0.0
2020-05-08,863.95,868.45,841.0,846.6,832.46,35925,0.0,0.0
2020-05-11,849.6,872.0,846.55,866.9,852.42,83316,0.0,0.0
2020-05-12,860.0,860.35,850.0,852.0,837.77,18231,0.0,0.0
2020-05-13,868.75,876.8,852.0,855.65,841.36,62936,0.0,0.0
2020-05-14,840.05,864.0,833.0,836.1,822.13,90247,0.0,0.0
2020-05-15,840.0,846.0,821.0,822.7,808.96,62438,0.0,0.0
2020-05-18,822.7,828.3,797.05,799.8,786.44,90489,0.0,0.0
2020-05-19,818.95,818.95,780.0,784.5,771.4,131999,0.0,0.0
2020-05-20,788.9,788.9,773.0,774.35,761.42,64779,0.0,0.0
2020-05-21,774.0,800.0,745.65,749.75,737.23,191499,0.0,0.0
2020-05-22,750.0,758.85,729.0,730.1,717.9,126820,0.0,0.0
2020-05-26,737.3,749.0,723.3,725.95,713.82,524000,0.0,0.0
2020-05-27,735.0,741.0,722.0,736.65,724.35,109664,0.0,0.0
2020-05-28,741.95,772.0,737.25,739.85,727.49,268491,0.0,0.0
2020-05-29,741.0,753.9,739.0,744.25,731.82,214975,0.0,0.0
2020-06-01,757.0,834.0,754.4,821.4,807.68,541641,0.0,0.0
2020-06-02,828.4,844.5,817.3,824.9,811.12,321593,0.0,0.0
2020-06-03,830.0,843.9,825.0,835.85,821.89,245789,0.0,0.0
2020-06-04,836.0,842.5,829.0,835.0,821.05,317234,0.0,0.0
2020-06-05,840.0,889.9,838.05,877.5,862.84,357750,0.0,0.0
2020-06-08,900.15,913.95,870.0,878.45,863.78,256663,0.0,0.0
2020-06-09,886.0,886.8,833.0,852.8,838.55,232007,0.0,0.0
2020-06-10,838.0,847.0,825.0,830.35,816.48,101410,0.0,0.0
2020-06-11,834.0,839.95,808.0,810.05,796.52,123269,0.0,0.0
2020-06-12,786.0,815.0,780.0,807.4,793.91,116248,0.0,0.0
2020-06-15,813.4,822.55,801.95,806.1,792.63,66773,0.0,0.0
2020-06-16,819.95,824.0,789.65,794.95,781.67,107848,0.0,0.0
2020-06-17,798.4,801.0,781.0,784.65,771.54,139361,0.0,0.0
2020-06-18,787.85,800.0,784.55,787.5,774.35,107016,0.0,0.0
2020-06-19,789.5,830.0,788.0,813.0,799.42,1355729,0.0,0.0
2020-06-22,825.0,839.8,822.05,832.3,818.4,175107,0.0,0.0
2020-06-23,838.0,859.9,832.15,854.85,840.57,226465,0.0,0.0
2020-06-24,861.0,888.5,855.25,867.85,853.35,569892,0.0,0.0
2020-06-25,871.0,896.0,871.0,880.5,865.79,455476,0.0,0.0
2020-06-26,895.25,927.0,891.25,914.35,899.08,603457,0.0,0.0
2020-06-29,920.0,929.0,885.6,922.35,906.94,224329,0.0,0.0
2020-06-30,927.0,948.75,903.1,941.15,925.43,259932,0.0,0.0
2020-07-01,939.05,964.0,919.05,954.3,938.36,174484,0.0,0.0
2020-07-02,966.0,979.0,955.1,963.4,947.31,161432,0.0,0.0
2020-07-03,965.0,988.0,940.0,979.5,963.14,320566,0.0,0.0
2020-07-06,982.0,1017.0,976.2,983.4,966.97,398732,0.0,0.0
2020-07-07,987.5,988.95,957.25,961.4,945.34,298448,0.0,0.0
2020-07-08,968.0,971.5,942.0,944.65,928.87,194584,0.0,0.0
2020-07-09,947.0,955.0,926.05,928.5,912.99,124766,0.0,0.0
2020-07-10,930.0,936.75,914.9,916.95,901.63,109164,0.0,0.0
2020-07-13,922.0,925.35,910.0,914.9,899.62,76563,0.0,0.0
2020-07-14,913.0,915.0,901.05,908.15,892.98,53845,0.0,0.0
2020-07-15,916.0,933.0,900.9,905.8,890.67,137247,0.0,0.0
2020-07-16,909.9,919.0,894.0,905.85,895.46,144234,4.8,0.0
2020-07-17,914.0,923.25,907.0,912.15,901.69,101310,0.0,0.0
2020-07-20,913.5,932.7,894.0,898.95,888.64,286602,0.0,0.0
2020-07-21,903.0,913.95,901.15,906.85,896.45,126509,0.0,0.0
2020-07-22,910.0,930.0,902.0,925.65,915.04,145317,0.0,0.0
2020-07-23,930.0,945.0,925.0,934.8,924.08,161417,0.0,0.0
2020-07-24,910.0,919.0,895.0,912.6,902.14,242174,0.0,0.0
2020-07-27,912.1,912.1,890.0,893.55,883.3,106000,0.0,0.0
2020-07-28,898.5,899.4,891.0,894.5,884.24,52148,0.0,0.0
2020-07-29,897.0,902.0,875.0,880.95,870.85,118544,0.0,0.0
2020-07-30,873.8,892.95,862.6,865.15,855.23,108002,0.0,0.0
2020-07-31,870.5,897.4,865.5,894.95,884.69,151889,0.0,0.0
2020-08-03,900.1,919.4,869.45,881.6,871.49,119427,0.0,0.0
2020-08-04,882.6,909.7,881.6,905.3,894.92,294577,0.0,0.0
2020-08-05,910.0,922.0,896.0,900.1,889.78,92645,0.0,0.0
2020-08-06,904.0,904.0,886.15,889.4,879.2,62322,0.0,0.0
2020-08-07,889.4,904.35,879.4,881.8,871.69,95492,0.0,0.0
2020-08-10,886.65,899.0,874.6,892.0,881.77,199347,0.0,0.0
2020-08-11,896.85,917.6,892.0,903.4,893.04,165785,0.0,0.0
2020-08-12,903.45,924.8,903.45,908.15,897.74,192428,0.0,0.0
2020-08-13,909.5,939.25,908.55,932.4,921.71,220323,0.0,0.0
2020-08-14,945.0,959.0,933.55,949.4,938.51,370796,0.0,0.0
2020-08-17,954.0,960.0,923.0,929.8,919.14,129296,0.0,0.0
2020-08-18,935.0,939.5,930.05,933.1,922.4,44972,0.0,0.0
2020-08-19,933.9,965.55,933.9,961.85,950.82,188952,0.0,0.0
2020-08-20,959.0,974.2,949.5,968.8,957.69,120059,0.0,0.0
2020-08-21,977.0,998.0,975.0,982.85,971.58,306358,0.0,0.0
2020-08-24,986.0,996.5,966.25,971.25,960.11,92187,0.0,0.0
2020-08-25,972.0,988.1,963.45,969.25,958.14,202487,0.0,0.0
2020-08-26,973.0,979.0,950.0,959.25,948.25,450210,0.0,0.0
2020-08-27,964.0,985.0,961.9,970.9,959.77,515635,0.0,0.0
2020-08-28,972.0,994.7,972.0,985.6,974.3,248761,0.0,0.0
2020-08-31,993.0,1009.0,941.45,950.75,939.85,297074,0.0,0.0
2020-09-01,952.2,961.15,936.3,945.6,934.76,82705,0.0,0.0
2020-09-02,952.35,985.0,951.0,974.75,963.57,106158,0.0,0.0
2020-09-03,979.9,990.8,971.75,981.35,970.1,56835,0.0,0.0
2020-09-04,960.25,968.9,945.05,947.6,936.74,142690,0.0,0.0
2020-09-07,955.85,957.35,920.6,925.05,914.44,712824,0.0,0.0
2020-09-08,928.7,943.7,900.0,901.15,890.82,183578,0.0,0.0
2020-09-09,899.0,914.5,894.7,901.8,891.46,366227,0.0,0.0
2020-09-10,907.0,912.0,895.95,899.25,888.94,230526,0.0,0.0
2020-09-11,903.0,903.0,893.55,898.4,888.1,172447,0.0,0.0
2020-09-14,902.7,913.0,902.0,907.55,897.14,357441,0.0,0.0
2020-09-15,913.7,923.0,912.0,915.0,904.51,142131,0.0,0.0
2020-09-16,919.2,920.95,906.45,908.55,898.13,70043,0.0,0.0
2020-09-17,907.65,922.5,902.0,916.3,905.79,155361,0.0,0.0
2020-09-18,922.9,924.8,898.45,900.8,890.47,79802,0.0,0.0
2020-09-21,904.0,905.9,896.3,898.75,888.45,98225,0.0,0.0
2020-09-22,892.0,900.25,866.0,892.95,882.71,69644,0.0,0.0
2020-09-23,897.3,900.05,882.05,884.3,874.16,76188,0.0,0.0
2020-09-24,880.0,884.9,855.25,858.6,848.76,107682,0.0,0.0
2020-09-25,864.95,875.95,846.6,852.3,842.53,173616,0.0,0.0
2020-09-28,855.0,872.9,849.9,861.25,851.38,79765,0.0,0.0
2020-09-29,867.9,874.85,853.0,854.95,845.15,532383,0.0,0.0
2020-09-30,861.3,864.85,855.05,859.5,849.65,340893,0.0,0.0
2020-10-01,866.05,873.0,859.9,861.0,851.13,226679,0.0,0.0
2020-10-05,865.0,878.0,865.0,870.75,860.77,59773,0.0,0.0
2020-10-06,872.0,879.9,870.15,872.1,862.1,82327,0.0,0.0
2020-10-07,875.7,886.75,865.0,876.75,866.7,85730,0.0,0.0
2020-10-08,878.95,887.0,860.0,864.95,855.03,79316,0.0,0.0
2020-10-09,864.0,880.9,863.9,870.7,860.72,642606,0.0,0.0
2020-10-12,874.9,885.0,864.45,866.45,856.52,176524,0.0,0.0
2020-10-13,867.0,872.4,857.0,861.55,851.67,188240,0.0,0.0
2020-10-14,859.95,867.7,848.0,859.2,849.35,82809,0.0,0.0
2020-10-15,860.5,868.05,853.0,858.55,848.71,163287,0.0,0.0
2020-10-16,855.1,867.0,850.7,863.8,853.9,32846,0.0,0.0
2020-10-19,866.0,900.4,857.05,896.45,886.17,130070,0.0,0.0
2020-10-20,895.0,895.9,882.0,884.85,874.7,33584,0.0,0.0
2020-10-21,882.0,904.5,882.0,901.65,891.31,150828,0.0,0.0
2020-10-22,901.65,923.3,898.0,917.2,906.68,113581,0.0,0.0
2020-10-23,919.9,924.45,905.2,918.0,907.47,45456,0.0,0.0
2020-10-26,915.0,917.4,880.05,889.05,878.86,55576,0.0,0.0
2020-10-27,886.8,936.95,884.15,929.55,918.89,239401,0.0,0.0
2020-10-28,933.8,937.2,902.85,907.05,896.65,50003,0.0,0.0
2020-10-29,900.0,900.0,882.0,886.8,876.63,156213,0.0,0.0
2020-10-30,888.3,909.0,883.85,893.7,883.45,47972,0.0,0.0
2020-11-02,888.0,900.4,868.6,875.65,865.61,86892,0.0,0.0
2020-11-03,880.05,892.75,875.0,877.4,867.34,58871,0.0,0.0
2020-11-04,884.9,888.95,871.25,878.8,868.72,25456,0.0,0.0
2020-11-05,892.75,905.0,881.0,894.15,883.9,70353,0.0,0.0
2020-11-06,914.0,941.75,905.1,937.85,927.1,251858,0.0,0.0
2020-11-09,935.1,954.75,935.1,949.3,938.42,121810,0.0,0.0
2020-11-10,952.6,970.0,940.0,948.75,937.87,107797,0.0,0.0
2020-11-11,946.95,958.75,936.0,944.25,933.42,41822,0.0,0.0
2020-11-12,949.4,975.55,949.4,967.7,956.6,173796,0.0,0.0
2020-11-13,967.7,1006.0,958.6,1000.25,988.78,222825,0.0,0.0
2020-11-14,1006.0,1010.0,972.05,986.15,974.84,36544,0.0,0.0
2020-11-17,997.0,1006.55,980.0,982.85,971.58,94002,0.0,0.0
2020-11-18,980.35,1089.9,980.35,1078.9,1066.53,695220,0.0,0.0
2020-11-19,1078.0,1089.95,1033.35,1044.55,1032.57,190460,0.0,0.0
2020-11-20,1049.0,1135.0,1044.0,1116.05,1103.25,249798,0.0,0.0
2020-11-23,1129.0,1163.0,1050.0,1072.75,1060.45,176903,0.0,0.0
2020-11-24,1074.9,1087.85,1051.1,1072.3,1060.01,267122,0.0,0.0
2020-11-25,1077.7,1085.0,1011.5,1025.5,1013.74,141568,0.0,0.0
2020-11-26,1033.95,1086.4,1030.3,1076.95,1064.6,292405,0.0,0.0
2020-11-27,1092.0,1104.85,1061.0,1073.75,1061.44,253387,0.0,0.0
2020-12-01,1081.15,1145.0,1073.85,1138.05,1125.0,280795,0.0,0.0
2020-12-02,1142.0,1200.0,1116.05,1190.8,1177.15,294829,0.0,0.0
2020-12-03,1182.15,1238.95,1170.0,1172.0,1158.56,295720,0.0,0.0
2020-12-04,1184.0,1197.65,1150.0,1154.45,1141.21,162427,0.0,0.0
2020-12-07,1174.0,1174.0,1140.0,1154.95,1141.71,155809,0.0,0.0
2020-12-08,1165.0,1190.0,1148.0,1154.8,1141.56,225515,0.0,0.0
2020-12-09,1162.95,1177.0,1152.0,1155.15,1141.91,111606,0.0,0.0
2020-12-10,1167.25,1186.8,1144.2,1158.8,1145.51,310277,0.0,0.0
2020-12-11,1167.2,1183.4,1152.0,1176.2,1162.71,168483,0.0,0.0
2020-12-14,1180.0,1180.0,1155.0,1161.4,1148.08,119428,0.0,0.0
2020-12-15,1159.0,1166.55,1151.15,1154.35,1141.11,56631,0.0,0.0
2020-12-16,1159.3,1206.75,1157.65,1194.9,1181.2,323251,0.0,0.0
2020-12-17,1203.95,1239.8,1195.75,1232.7,1218.57,402509,0.0,0.0
2020-12-18,1244.4,1260.0,1201.05,1246.95,1232.65,378273,0.0,0.0
2020-12-21,1244.5,1254.9,1181.0,1215.3,1201.37,145777,0.0,0.0
2020-12-22,1214.0,1225.0,1157.2,1185.65,1172.06,327649,0.0,0.0
2020-12-23,1197.0,1236.85,1190.25,1201.0,1187.23,171273,0.0,0.0
2020-12-24,1218.0,1230.0,1200.0,1206.55,1192.72,246220,0.0,0.0
2020-12-28,1221.35,1228.0,1212.0,1217.55,1203.59,169125,0.0,0.0
2020-12-29,1223.2,1227.9,1190.0,1203.05,1189.26,154970,0.0,0.0
2020-12-30,1205.7,1239.9,1201.25,1208.9,1195.04,197431,0.0,0.0
2020-12-31,1214.0,1217.9,1202.2,1212.05,1198.15,296434,0.0,0.0
2021-01-01,1212.0,1238.5,1212.0,1232.7,1218.57,95451,0.0,0.0
2021-01-04,1239.1,1290.0,1235.0,1262.9,1248.42,99581,0.0,0.0
2021-01-05,1259.5,1305.0,1225.0,1293.6,1278.77,150290,0.0,0.0
2021-01-06,1295.0,1316.0,1291.0,1297.65,1282.77,108081,0.0,0.0
2021-01-07,1302.0,1316.9,1291.25,1302.65,1287.71,109031,0.0,0.0
2021-01-08,1307.55,1330.0,1300.0,1315.0,1299.92,285838,0.0,0.0
2021-01-11,1314.0,1314.0,1288.0,1296.9,1282.03,92160,0.0,0.0
2021-01-12,1288.0,1301.0,1265.0,1269.3,1254.75,162360,0.0,0.0
2021-01-13,1277.8,1294.0,1265.0,1280.5,1265.82,159570,0.0,0.0
2021-01-14,1284.05,1298.65,1265.1,1274.4,1259.79,45754,0.0,0.0
2021-01-15,1279.4,1293.0,1260.0,1284.65,1269.92,94356,0.0,0.0
2021-01-18,1291.0,1349.4,1286.7,1344.5,1329.08,370993,0.0,0.0
2021-01-19,1344.0,1419.0,1343.0,1391.25,1375.3,715853,0.0,0.0
2021-01-20,1392.0,1408.25,1373.0,1393.1,1377.13,330542,0.0,0.0
2021-01-21,1403.5,1408.75,1372.0,1377.3,1361.51,69623,0.0,0.0
2021-01-22,1380.0,1405.0,1367.0,1377.85,1362.05,223509,0.0,0.0
2021-01-25,1391.4,1391.4,1349.75,1354.8,1339.27,100682,0.0,0.0
2021-01-27,1350.05,1399.9,1346.0,1388.8,1372.88,184995,0.0,0.0
2021-01-28,1374.0,1419.45,1344.95,1354.8,1339.27,235173,0.0,0.0
2021-01-29,1365.4,1405.0,1364.3,1388.3,1372.38,166513,0.0,0.0
2021-02-01,1388.3,1398.55,1357.15,1382.95,1367.09,62919,0.0,0.0
2021-02-02,1389.9,1507.35,1389.9,1445.4,1428.83,415804,0.0,0.0
2021-02-03,1456.7,1465.0,1421.0,1447.45,1430.85,321671,0.0,0.0
2021-02-04,1448.0,1534.0,1443.0,1518.05,1500.64,282242,0.0,0.0
2021-02-05,1518.0,1523.85,1481.6,1495.3,1478.16,79091,0.0,0.0
2021-02-08,1496.0,1504.75,1475.05,1481.95,1464.96,90255,0.0,0.0
2021-02-09,1493.7,1499.0,1439.2,1458.65,1441.93,244781,0.0,0.0
2021-02-10,1462.0,1487.45,1430.1,1445.0,1428.43,356376,0.0,0.0
2021-02-11,1445.0,1460.0,1405.0,1423.35,1407.03,299192,0.0,0.0
2021-02-12,1429.0,1480.0,1425.6,1466.85,1450.03,224960,0.0,0.0
2021-02-15,1475.0,1503.75,1465.0,1474.15,1457.25,139523,0.0,0.0
2021-02-16,1480.8,1515.0,1474.0,1500.5,1483.3,170927,0.0,0.0
2021-02-17,1480.0,1504.75,1480.0,1498.95,1481.76,93001,0.0,0.0
2021-02-18,1509.8,1570.0,1502.0,1532.85,1515.28,310358,0.0,0.0
2021-02-19,1542.0,1635.0,1510.0,1521.6,1504.15,425564,0.0,0.0
2021-02-22,1521.6,1529.95,1430.0,1456.4,1439.7,161553,0.0,0.0
2021-02-23,1477.2,1517.5,1463.05,1480.0,1463.03,86666,0.0,0.0
2021-02-24,1494.65,1600.0,1485.9,1570.8,1552.79,216975,0.0,0.0
2021-02-25,1584.8,1590.8,1511.35,1537.9,1520.27,184689,0.0,0.0
2021-02-26,1521.0,1564.0,1500.0,1528.15,1510.63,139972,0.0,0.0
2021-03-01,1547.0,1559.85,1515.0,1525.2,1507.71,61354,0.0,0.0
2021-03-02,1526.4,1549.0,1509.0,1521.0,1503.56,56964,0.0,0.0
2021-03-03,1532.85,1550.4,1510.0,1532.7,1515.13,154956,0.0,0.0
2021-03-04,1522.0,1546.9,1506.0,1512.8,1495.46,201501,0.0,0.0
2021-03-05,1514.75,1528.0,1485.0,1488.85,1471.78,63126,0.0,0.0
2021-03-08,1504.0,1512.55,1476.8,1495.5,1478.35,96026,0.0,0.0
2021-03-09,1508.0,1509.65,1464.5,1476.45,1459.52,54450,0.0,0.0
2021-03-10,1478.0,1523.9,1451.0,1466.25,1449.44,131725,0.0,0.0
2021-03-12,1473.0,1481.25,1455.0,1471.1,1454.23,61753,0.0,0.0
2021-03-15,1471.0,1476.9,1440.2,1447.65,1431.05,49333,0.0,0.0
2021-03-16,1454.0,1469.0,1425.95,1442.05,1425.52,87214,0.0,0.0
2021-03-17,1447.9,1450.0,1425.2,1439.75,1423.24,47127,0.0,0.0
2021-03-18,1454.85,1467.55,1416.15,1427.3,1410.94,45465,0.0,0.0
2021-03-19,1422.0,1433.0,1333.0,1413.85,1397.64,157876,0.0,0.0
2021-03-22,1414.0,1428.0,1385.0,1388.6,1372.68,77105,0.0,0.0
2021-03-23,1395.8,1420.0,1385.0,1397.35,1381.33,68727,0.0,0.0
2021-03-24,1390.0,1401.85,1368.0,1375.6,1359.83,62821,0.0,0.0
2021-03-25,1375.0,1405.0,1330.2,1391.65,1375.69,88150,0.0,0.0
2021-03-26,1398.0,1498.3,1375.3,1453.55,1436.88,175036,0.0,0.0
2021-03-30,1453.55,1481.55,1431.05,1439.35,1422.85,135595,0.0,0.0
2021-03-31,1437.65,1438.0,1397.0,1410.05,1393.88,180576,0.0,0.0
2021-04-01,1413.8,1424.7,1391.1,1397.5,1381.48,80643,0.0,0.0
2021-04-05,1390.0,1400.0,1365.15,1382.2,1366.35,88800,0.0,0.0
2021-04-06,1384.0,1395.55,1360.0,1374.45,1358.69,100694,0.0,0.0
2021-04-07,1375.0,1389.9,1366.75,1375.0,1359.24,37217,0.0,0.0
2021-04-08,1377.85,1405.5,1375.2,1396.3,1380.29,47375,0.0,0.0
2021-04-09,1396.35,1407.95,1375.0,1380.4,1364.57,83100,0.0,0.0
2021-04-12,1378.0,1378.0,1298.55,1309.45,1294.44,69205,0.0,0.0
2021-04-13,1315.0,1335.0,1305.85,1319.6,1304.47,169333,0.0,0.0
2021-04-15,1316.5,1363.95,1309.05,1349.45,1333.98,426291,0.0,0.0
2021-04-16,1351.9,1374.95,1345.3,1371.35,1355.63,142921,0.0,0.0
2021-04-19,1357.0,1412.0,1314.45,1395.15,1384.2,177488,5.0,0.0
2021-04-20,1395.0,1418.0,1381.1,1395.4,1384.45,173676,0.0,0.0
2021-04-22,1395.0,1400.0,1368.4,1391.65,1380.73,93857,0.0,0.0
2021-04-23,1387.0,1393.6,1369.0,1380.7,1369.86,155372,0.0,0.0
2021-04-26,1381.95,1402.95,1360.1,1369.1,1358.36,189659,0.0,0.0
2021-04-27,1378.0,1401.9,1375.2,1384.35,1373.49,444609,0.0,0.0
2021-04-28,1408.1,1436.25,1362.0,1387.9,1377.01,474157,0.0,0.0
2021-04-29,1405.0,1405.0,1377.0,1381.3,1370.46,110440,0.0,0.0
2021-04-30,1375.0,1399.4,1360.0,1381.25,1370.41,167258,0.0,0.0
2021-05-03,1385.6,1399.0,1352.05,1392.0,1381.08,163384,0.0,0.0
2021-05-04,1392.0,1399.6,1365.1,1377.45,1366.64,95411,0.0,0.0
2021-05-05,1378.1,1387.55,1363.0,1370.65,1359.89,51196,0.0,0.0
2021-05-06,1374.7,1385.0,1374.15,1380.6,1369.77,27868,0.0,0.0
2021-05-07,1385.0,1394.45,1368.0,1371.95,1361.18,160890,0.0,0.0
2021-05-10,1385.1,1397.0,1367.25,1375.35,1364.56,136672,0.0,0.0
2021-05-11,1369.0,1385.0,1362.7,1368.85,1358.11,66321,0.0,0.0
2021-05-12,1381.0,1434.0,1371.1,1401.9,1390.9,603531,0.0,0.0
2021-05-14,1414.0,1423.95,1378.25,1391.8,1380.88,107932,0.0,0.0
2021-05-17,1391.0,1425.0,1382.0,1420.75,1409.6,112679,0.0,0.0
2021-05-18,1410.8,1470.0,1410.8,1449.85,1438.47,327604,0.0,0.0
2021-05-19,1448.0,1481.8,1441.0,1450.2,1438.82,161989,0.0,0.0
2021-05-20,1448.0,1459.8,1416.05,1429.25,1418.03,109513,0.0,0.0
2021-05-21,1432.0,1443.7,1424.75,1433.1,1421.85,141945,0.0,0.0
2021-05-24,1436.25,1483.25,1433.1,1475.7,1464.12,234226,0.0,0.0
2021-05-25,1481.0,1517.35,1466.0,1495.65,1483.91,131448,0.0,0.0
2021-05-26,1490.5,1519.4,1482.95,1501.35,1489.57,100456,0.0,0.0
2021-05-27,1505.0,1600.0,1492.5,1579.25,1566.86,247167,0.0,0.0
2021-05-28,1565.0,1600.0,1523.1,1588.75,1576.28,181421,0.0,0.0
2021-05-31,1600.0,1730.0,1600.0,1668.85,1655.75,1174066,0.0,0.0
2021-06-01,1685.0,1754.0,1651.0,1693.25,1679.96,717658,0.0,0.0
2021-06-02,1698.0,1717.0,1668.0,1700.55,1687.2,314707,0.0,0.0
2021-06-03,1711.0,1717.45,1681.0,1691.95,1678.67,146129,0.0,0.0
2021-06-04,1691.95,1698.95,1640.0,1650.5,1637.55,194307,0.0,0.0
2021-06-07,1659.0,1698.0,1637.0,1685.65,1672.42,269594,0.0,0.0
2021-06-08,1687.05,1697.6,1661.1,1680.25,1667.06,128082,0.0,0.0
2021-06-09,1692.15,1721.0,1665.0,1674.85,1661.71,224477,0.0,0.0
2021-06-10,1680.0,1690.0,1660.0,1671.35,1658.23,87950,0.0,0.0
2021-06-11,1684.1,1750.05,1645.0,1648.55,1635.61,124172,0.0,0.0
2021-06-14,1659.0,1672.3,1601.0,1660.6,1647.57,124292,0.0,0.0
2021-06-15,1660.6,1698.0,1660.55,1693.95,1680.66,103988,0.0,0.0
2021-06-16,1699.0,1728.0,1673.75,1720.3,1706.8,207324,0.0,0.0
2021-06-17,1725.25,1776.7,1692.3,1716.5,1703.03,416009,0.0,0.0
2021-06-18,1730.0,1753.0,1656.95,1743.45,1729.77,128040,0.0,0.0
2021-06-21,1700.0,1738.0,1695.05,1719.4,1705.91,152232,0.0,0.0
2021-06-22,1728.0,1767.65,1728.0,1739.25,1725.6,125176,0.0,0.0
2021-06-23,1752.0,1851.1,1738.25,1806.55,1792.37,747874,0.0,0.0
2021-06-24,1828.0,1830.0,1800.0,1809.45,1795.25,180859,0.0,0.0
2021-06-25,1823.6,1839.9,1794.05,1824.05,1809.73,448519,0.0,0.0
2021-06-28,1839.05,1857.0,1792.15,1809.8,1795.6,142851,0.0,0.0
2021-06-29,1804.95,1815.5,1771.0,1788.85,1774.81,84656,0.0,0.0
2021-06-30,1801.0,1857.0,1801.0,1808.2,1794.01,248720,0.0,0.0
2021-07-01,1816.0,1826.95,1778.8,1793.7,1779.62,69271,0.0,0.0
2021-07-02,1810.0,1830.0,1766.65,1787.15,1773.12,92544,0.0,0.0
2021-07-05,1794.9,1801.0,1761.0,1773.75,1759.83,99623,0.0,0.0
2021-07-06,1771.05,1784.25,1746.05,1757.75,1743.95,76698,0.0,0.0
2021-07-07,1753.0,1757.7,1730.2,1742.1,1728.43,69427,0.0,0.0
2021-07-08,1742.1,1750.5,1695.1,1703.25,1689.88,127100,0.0,0.0
2021-07-09,1711.2,1725.0,1683.5,1713.45,1700.0,163245,0.0,0.0
2021-07-12,1718.45,1736.0,1701.45,1725.95,1712.4,468250,0.0,0.0
2021-07-13,1730.0,1804.0,1715.55,1787.05,1773.03,235129,0.0,0.0
2021-07-14,1804.0,1840.0,1785.55,1805.5,1791.33,155095,0.0,0.0
2021-07-15,1806.5,1818.5,1770.0,1779.05,1765.09,87502,0.0,0.0
2021-07-16,1779.0,1784.0,1751.45,1763.2,1749.36,107459,0.0,0.0
2021-07-19,1772.5,1777.9,1731.15,1738.8,1725.15,103293,0.0,0.0
2021-07-20,1739.25,1743.85,1710.0,1719.0,1705.51,111360,0.0,0.0
2021-07-22,1726.45,1735.0,1702.25,1711.1,1697.67,131419,0.0,0.0
2021-07-23,1716.9,1716.9,1691.1,1695.8,1682.49,42756,0.0,0.0
2021-07-26,1688.0,1726.15,1678.15,1712.3,1698.86,69698,0.0,0.0
2021-07-27,1727.2,1780.3,1624.05,1669.15,1656.05,240727,0.0,0.0
2021-07-28,1675.15,1708.5,1653.75,1699.05,1685.72,107633,0.0,0.0
2021-07-29,1706.0,1707.0,1670.25,1686.5,1673.26,103286,0.0,0.0
2021-07-30,1694.9,1725.0,1682.75,1699.15,1685.81,85831,0.0,0.0
2021-08-02,1702.2,1734.65,1661.4,1683.45,1670.24,223836,0.0,0.0
2021-08-03,1684.9,1697.75,1664.9,1670.7,1657.59,127132,0.0,0.0
2021-08-04,1683.0,1689.0,1629.0,1636.45,1623.61,75011,0.0,0.0
2021-08-05,1644.8,1677.65,1631.05,1666.35,1653.27,72531,0.0,0.0
2021-08-06,1666.35,1696.3,1651.05,1663.85,1650.79,93434,0.0,0.0
2021-08-09,1671.8,1686.95,1636.35,1644.25,1631.35,50984,0.0,0.0
2021-08-10,1644.25,1658.4,1629.05,1650.9,1637.94,40981,0.0,0.0
2021-08-11,1658.8,1717.0,1618.05,1674.55,1661.41,136424,0.0,0.0
2021-08-12,1677.0,1724.4,1666.0,1718.35,1704.86,78404,0.0,0.0
2021-08-13,1725.0,1759.95,1713.3,1747.95,1734.23,116726,0.0,0.0
2021-08-16,1761.5,1795.0,1731.0,1758.4,1744.6,103044,0.0,0.0
2021-08-17,1758.4,1769.0,1724.35,1745.45,1731.75,124149,0.0,0.0
2021-08-18,1739.0,1765.8,1705.0,1761.3,1747.48,79837,0.0,0.0
2021-08-20,1764.0,1807.1,1683.05,1714.65,1701.19,161033,0.0,0.0
2021-08-23,1715.0,1731.9,1624.35,1674.95,1661.8,82244,0.0,0.0
2021-08-24,1679.9,1725.0,1662.05,1696.9,1683.58,76587,0.0,0.0
2021-08-25,1701.9,1746.8,1688.75,1731.1,1717.51,82301,0.0,0.0
2021-08-26,1743.5,1775.7,1722.4,1736.35,1722.72,91908,0.0,0.0
2021-08-27,1750.0,1865.0,1735.0,1850.05,1835.53,540087,0.0,0.0
2021-08-30,1875.0,1925.0,1832.0,1921.7,1906.62,656830,0.0,0.0
2021-08-31,1925.0,1925.0,1886.0,1895.75,1880.87,149686,0.0,0.0
2021-09-01,1910.0,1911.25,1857.5,1883.2,1868.42,130632,0.0,0.0
2021-09-02,1906.5,1917.95,1872.35,1894.35,1879.48,199503,0.0,0.0
2021-09-03,1900.0,1900.0,1843.0,1848.7,1834.19,202306,0.0,0.0
2021-09-06,1855.0,1872.75,1840.0,1851.85,1837.32,87428,0.0,0.0
2021-09-07,1868.6,1899.0,1835.05,1870.3,1855.62,238450,0.0,0.0
2021-09-08,1860.0,1898.0,1858.65,1876.75,1862.02,238158,0.0,0.0
2021-09-09,1885.25,1913.45,1852.1,1869.45,1854.78,227286,0.0,0.0
2021-09-13,1865.0,1876.45,1839.05,1861.0,1846.39,80818,0.0,0.0
2021-09-14,1888.0,1917.0,1870.65,1907.3,1892.33,163938,0.0,0.0
2021-09-15,1919.0,1925.0,1890.2,1905.9,1890.94,159852,0.0,0.0
2021-09-16,1900.0,1943.9,1881.9,1908.05,1893.08,248127,0.0,0.0
2021-09-17,1901.0,1915.0,1835.05,1843.2,1828.73,115350,0.0,0.0
2021-09-20,1843.2,1884.65,1840.0,1875.15,1860.43,105956,0.0,0.0
2021-09-21,1871.0,1905.0,1854.15,1875.0,1860.28,118562,0.0,0.0
2021-09-22,1870.0,1904.0,1865.1,1869.15,1854.48,138187,0.0,0.0
2021-09-23,1890.0,1905.9,1857.0,1898.1,1883.2,119769,0.0,0.0
2021-09-24,1903.0,1918.25,1871.1,1878.7,1863.96,56336,0.0,0.0
2021-09-27,1888.0,1908.05,1845.1,1855.0,1840.44,134399,0.0,0.0
2021-09-28,1869.9,1869.9,1790.0,1800.65,1786.52,87735,0.0,0.0
2021-09-29,1800.9,1838.8,1797.1,1820.55,1806.26,152524,0.0,0.0
2021-09-30,1834.7,1879.0,1821.3,1870.6,1855.92,70990,0.0,0.0
2021-10-01,1870.0,1873.85,1819.3,1858.9,1844.31,67958,0.0,0.0
2021-10-04,1860.1,1893.4,1845.0,1873.2,1858.5,169391,0.0,0.0
2021-10-05,1858.0,1905.6,1858.0,1877.95,1863.21,159998,0.0,0.0
2021-10-06,1879.0,1895.95,1860.1,1873.35,1858.65,60478,0.0,0.0
2021-10-07,1880.0,1898.0,1863.0,1871.5,1856.81,64748,0.0,0.0
2021-10-08,1877.9,1887.5,1827.0,1839.75,1825.31,62953,0.0,0.0
2021-10-11,1846.4,1870.05,1820.55,1830.6,1816.23,66749,0.0,0.0
2021-10-12,1840.2,1860.0,1819.0,1827.65,1813.31,83711,0.0,0.0
2021-10-13,1834.95,1877.0,1800.0,1806.85,1792.67,132820,0.0,0.0
2021-10-14,1824.4,1846.5,1811.6,1819.0,1804.72,92662,0.0,0.0
2021-10-18,1837.8,1858.95,1827.0,1829.5,1815.14,92011,0.0,0.0
2021-10-19,1842.9,1864.0,1821.0,1846.25,1831.76,93823,0.0,0.0
2021-10-20,1857.0,1857.9,1815.25,1830.25,1815.89,93490,0.0,0.0
2021-10-21,1839.7,1878.7,1825.05,1875.0,1860.28,114209,0.0,0.0
2021-10-22,1888.0,1939.0,1880.35,1909.3,1894.32,338028,0.0,0.0
2021-10-25,1920.0,1970.0,1830.0,1850.2,1835.68,335087,0.0,0.0
2021-10-26,1864.9,1868.85,1818.1,1845.6,1831.12,206780,0.0,0.0
2021-10-27,1920.05,1932.85,1866.05,1879.7,1864.95,529236,0.0,0.0
2021-10-28,1879.7,1999.0,1878.8,1983.65,1968.08,1355503,0.0,0.0
2021-10-29,1997.95,2153.75,1954.3,2119.9,2103.26,960349,0.0,0.0
2021-11-01,2105.0,2170.0,2032.1,2079.7,2063.38,485302,0.0,0.0
2021-11-02,2090.0,2115.0,2041.3,2062.45,2046.26,118552,0.0,0.0
2021-11-03,2066.2,2144.75,2052.2,2068.95,2052.71,385323,0.0,0.0
2021-11-04,2076.25,2123.7,2060.0,2105.65,2089.12,42743,0.0,0.0
2021-11-08,2110.0,2124.35,2071.2,2086.9,2070.52,194599,0.0,0.0
2021-11-09,2094.95,2208.4,2084.45,2185.05,2167.9,595914,0.0,0.0
2021-11-10,2185.05,2222.1,2151.0,2170.7,2153.66,207186,0.0,0.0
2021-11-11,2181.85,2205.0,2132.15,2172.3,2155.25,123304,0.0,0.0
2021-11-12,2160.2,2232.0,2153.5,2211.3,2193.95,258341,0.0,0.0
2021-11-15,2230.0,2231.0,2137.0,2148.1,2131.24,91793,0.0,0.0
2021-11-16,2148.1,2189.95,2140.2,2176.95,2159.86,384464,0.0,0.0
2021-11-17,2157.2,2210.0,2150.05,2191.7,2174.5,216359,0.0,0.0
2021-11-18,2200.0,2222.9,2124.0,2149.55,2132.68,110299,0.0,0.0
2021-11-22,2158.15,2184.65,1978.25,2099.8,2083.32,240928,0.0,0.0
2021-11-23,2080.0,2155.0,2079.35,2103.2,2086.69,107742,0.0,0.0
2021-11-24,2105.0,2109.9,2055.7,2085.8,2069.43,214763,0.0,0.0
2021-11-25,2094.15,2101.45,2040.0,2046.95,2030.89,248082,0.0,0.0
2021-11-26,2043.0,2063.2,1975.0,1995.0,1979.34,87944,0.0,0.0
2021-11-29,1955.0,2119.0,1954.05,2083.35,2067.0,141832,0.0,0.0
2021-11-30,2106.0,2164.5,2022.0,2061.85,2045.67,239856,0.0,0.0
2021-12-01,2056.0,2087.7,2008.3,2017.9,2002.06,122697,0.0,0.0
2021-12-02,2017.9,2139.0,2017.9,2112.85,2096.27,299002,0.0,0.0
2021-12-03,2090.3,2130.5,2064.1,2078.4,2062.09,54725,0.0,0.0
2021-12-06,2078.0,2086.85,2035.0,2054.55,2038.43,57116,0.0,0.0
2021-12-07,2064.8,2097.95,2035.0,2065.7,2049.49,132978,0.0,0.0
2021-12-08,2077.55,2119.45,2077.55,2092.75,2076.33,176891,0.0,0.0
2021-12-09,2104.4,2375.0,2100.15,2300.4,2282.35,1034082,0.0,0.0
2021-12-10,2300.0,2372.0,2235.35,2264.4,2246.63,481269,0.0,0.0
2021-12-13,2268.95,2356.0,2264.55,2307.6,2289.49,264261,0.0,0.0
2021-12-14,2305.0,2319.7,2260.05,2272.55,2254.71,71628,0.0,0.0
2021-12-15,2283.9,2293.6,2221.45,2232.05,2214.53,63111,0.0,0.0
2021-12-16,2220.1,2275.0,2194.0,2234.9,2217.36,270580,0.0,0.0
2021-12-17,2230.0,2262.65,2170.0,2199.75,2182.49,169226,0.0,0.0
2021-12-20,2215.0,2215.0,2076.6,2121.65,2105.0,102709,0.0,0.0
2021-12-21,2127.0,2220.0,2100.1,2201.0,2183.73,240790,0.0,0.0
2021-12-22,2203.0,2332.0,2203.0,2284.45,2266.52,961653,0.0,0.0
2021-12-23,2276.95,2306.95,2255.0,2263.8,2246.03,93625,0.0,0.0
2021-12-24,2283.5,2345.4,2232.0,2244.55,2226.93,220693,0.0,0.0
2021-12-27,2249.4,2267.75,2175.3,2195.5,2178.27,134745,0.0,0.0
2021-12-28,2212.3,2258.9,2185.55,2207.1,2189.78,182668,0.0,0.0
2021-12-29,2192.3,2250.55,2192.3,2226.6,2209.13,182349,0.0,0.0
2021-12-30,2226.6,2245.05,2212.6,2235.4,2217.86,197252,0.0,0.0
2021-12-31,2245.0,2283.75,2222.0,2233.6,2216.07,198115,0.0,0.0
2022-01-03,2251.45,2268.6,2185.6,2205.45,2188.14,113948,0.0,0.0
2022-01-04,2223.9,2237.65,2190.0,2219.75,2202.33,353471,0.0,0.0
2022-01-05,2229.55,2249.9,2200.0,2226.2,2208.73,222632,0.0,0.0
2022-01-06,2214.8,2287.75,2200.05,2225.25,2207.79,423469,0.0,0.0
2022-01-07,2236.95,2263.95,2216.5,2227.1,2209.62,111305,0.0,0.0
2022-01-10,2242.95,2296.7,2223.0,2280.9,2263.0,289826,0.0,0.0
2022-01-11,2282.0,2348.0,2270.3,2339.45,2321.09,255404,0.0,0.0
2022-01-12,2354.0,2360.55,2295.45,2316.45,2298.27,231632,0.0,0.0
2022-01-13,2320.0,2326.9,2296.0,2306.5,2288.4,128523,0.0,0.0
2022-01-14,2290.0,2354.0,2290.0,2341.55,2323.17,190526,0.0,0.0
2022-01-17,2349.7,2385.9,2314.0,2320.4,2302.19,135524,0.0,0.0
2022-01-18,2333.9,2403.6,2303.0,2368.55,2349.96,320744,0.0,0.0
2022-01-19,2368.55,2368.55,2304.0,2344.1,2325.7,242338,0.0,0.0
2022-01-20,2348.8,2415.0,2342.7,2389.25,2370.5,209114,0.0,0.0
2022-01-21,2389.25,2389.25,2325.7,2356.75,2338.25,415539,0.0,0.0
2022-01-24,2348.7,2434.0,2285.0,2408.4,2389.5,276068,0.0,0.0
2022-01-25,2430.85,2468.1,2360.1,2400.15,2381.31,390068,0.0,0.0
2022-01-27,2405.0,2405.0,2135.9,2224.45,2206.99,794479,0.0,0.0
2022-01-28,2241.0,2315.85,2190.0,2270.5,2252.68,265768,0.0,0.0
2022-01-31,2276.0,2333.55,2195.1,2301.05,2282.99,415951,0.0,0.0
2022-02-01,2311.85,2373.95,2232.55,2287.1,2269.15,725023,0.0,0.0
2022-02-02,2287.1,2377.2,2263.9,2296.7,2278.68,324514,0.0,0.0
2022-02-03,2298.0,2332.95,2272.65,2305.8,2287.7,161075,0.0,0.0
2022-02-04,2305.0,2365.0,2280.0,2335.4,2317.07,203322,0.0,0.0
2022-02-07,2344.0,2344.5,2223.8,2258.0,2240.28,191104,0.0,0.0
2022-02-08,2270.6,2284.95,2196.0,2221.25,2203.82,122629,0.0,0.0
2022-02-09,2241.0,2250.0,2211.7,2241.0,2223.41,123789,0.0,0.0
2022-02-10,2211.0,2319.9,2211.0,2238.0,2220.44,369714,0.0,0.0
2022-02-11,2224.0,2249.9,2170.05,2179.25,2162.15,242245,0.0,0.0
2022-02-14,2095.0,2136.4,2006.55,2091.0,2074.59,289217,0.0,0.0
2022-02-15,2110.0,2135.95,2025.55,2045.85,2029.79,378170,0.0,0.0
2022-02-16,2059.0,2084.0,2011.3,2033.3,2017.34,565198,0.0,0.0
2022-02-17,2033.3,2068.0,2023.3,2055.9,2039.77,350822,0.0,0.0
2022-02-18,2030.0,2079.05,2030.0,2065.65,2049.44,177031,0.0,0.0
2022-02-21,2046.0,2118.9,2025.0,2101.1,2084.61,375444,0.0,0.0
2022-02-22,2030.0,2123.25,2030.0,2067.3,2051.08,306750,0.0,0.0
2022-02-23,2076.0,2120.0,2076.0,2097.2,2080.74,192678,0.0,0.0
2022-02-24,2040.0,2098.95,2000.0,2045.55,2029.5,360203,0.0,0.0
2022-02-25,2068.6,2149.95,2065.35,2131.9,2115.17,313838,0.0,0.0
2022-02-28,2096.0,2171.6,2089.2,2159.45,2142.5,180990,0.0,0.0
2022-03-02,2153.0,2212.5,2153.0,2179.2,2162.1,157039,0.0,0.0
2022-03-03,2200.0,2239.0,2146.0,2159.45,2142.5,217987,0.0,0.0
2022-03-04,2145.0,2199.0,2125.1,2155.4,2138.48,88675,0.0,0.0
2022-03-07,2138.0,2148.8,2080.2,2108.95,2092.4,139363,0.0,0.0
2022-03-08,2104.0,2158.0,2104.0,2135.05,2118.29,132359,0.0,0.0
2022-03-09,2150.0,2163.75,2101.0,2142.75,2125.93,310556,0.0,0.0
2022-03-10,2160.0,2177.85,2142.0,2157.95,2141.01,145468,0.0,0.0
2022-03-11,2155.0,2174.95,2110.0,2119.95,2103.31,78426,0.0,0.0
2022-03-14,2125.55,2125.55,2063.45,2078.5,2062.19,237058,0.0,0.0
2022-03-15,2078.5,2095.1,2041.05,2091.7,2075.28,178988,0.0,0.0
2022-03-16,2102.0,2202.6,2102.0,2190.95,2173.76,231640,0.0,0.0
2022-03-17,2205.0,2208.0,2090.0,2101.35,2084.86,603010,0.0,0.0
2022-03-21,2120.3,2124.85,2079.4,2091.45,2075.04,208149,0.0,0.0
2022-03-22,2100.0,2101.15,2058.0,2077.15,2060.85,96849,0.0,0.0
2022-03-23,2089.95,2096.3,2029.35,2050.8,2034.71,512732,0.0,0.0
2022-03-24,1991.25,2054.0,1982.0,2038.65,2022.65,251286,0.0,0.0
2022-03-25,2049.4,2054.85,1983.0,1989.3,1973.69,100470,0.0,0.0
2022-03-28,1985.0,2019.0,1944.6,2002.9,1987.18,184576,0.0,0.0
2022-03-29,2009.9,2055.0,2000.0,2038.8,2022.8,149014,0.0,0.0
2022-03-30,2051.95,2095.45,2035.65,2083.5,2067.15,149949,0.0,0.0
2022-03-31,2065.0,2179.0,2032.0,2157.95,2141.01,1052222,0.0,0.0
2022-04-01,2155.0,2155.0,2101.0,2114.3,2097.71,180591,0.0,0.0
2022-04-04,2096.0,2143.9,2096.0,2130.55,2113.83,105731,0.0,0.0
2022-04-05,2140.0,2264.95,2127.95,2207.55,2190.22,350006,0.0,0.0
2022-04-06,2219.0,2243.95,2173.85,2209.45,2192.11,202906,0.0,0.0
2022-04-07,2210.0,2237.85,2181.65,2192.15,2174.95,98294,0.0,0.0
2022-04-08,2208.75,2246.65,2187.95,2238.95,2221.38,161106,0.0,0.0
2022-04-11,2240.0,2257.9,2202.6,2214.8,2197.42,178038,0.0,0.0
2022-04-12,2213.8,2231.75,2150.0,2206.5,2189.18,103405,0.0,0.0
2022-04-13,2201.0,2231.95,2200.0,2226.7,2209.22,65098,0.0,0.0
2022-04-18,2224.0,2224.0,2141.6,2183.5,2166.36,127137,0.0,0.0
2022-04-19,2200.1,2250.0,2125.0,2152.2,2135.31,76918,0.0,0.0
2022-04-20,2165.0,2177.85,2127.7,2137.45,2120.68,55650,0.0,0.0
2022-04-21,2145.1,2169.7,2123.2,2143.5,2126.68,122239,0.0,0.0
2022-04-22,2140.2,2203.85,2135.05,2161.1,2144.14,163274,0.0,0.0
2022-04-25,2150.0,2158.95,2095.05,2100.0,2083.52,171418,0.0,0.0
2022-04-26,2111.1,2128.95,2062.5,2087.85,2071.46,132818,0.0,0.0
2022-04-27,2082.0,2094.9,2038.0,2084.65,2073.45,111258,5.2,0.0
2022-04-28,2100.0,2110.0,2053.2,2097.85,2091.8,115355,5.2,0.0
2022-04-29,2092.0,2128.65,2060.0,2096.55,2090.5,101104,0.0,0.0
2022-05-02,2090.0,2096.5,2041.45,2051.35,2045.43,48561,0.0,0.0
2022-05-04,2066.7,2072.9,2000.0,2014.45,2008.64,70125,0.0,0.0
2022-05-05,2098.95,2294.0,2088.05,2221.1,2214.7,2654230,0.0,0.0
2022-05-06,2187.0,2275.0,2178.0,2254.2,2247.7,1542537,0.0,0.0
2022-05-09,2253.9,2359.7,2226.3,2305.7,2299.05,1109904,0.0,0.0
2022-05-10,2295.0,2306.0,2077.4,2230.55,2224.12,495998,0.0,0.0
2022-05-11,2235.0,2290.0,2185.0,2270.0,2263.45,425040,0.0,0.0
2022-05-12,2255.0,2273.05,2220.05,2233.45,2227.01,185292,0.0,0.0
2022-05-13,2249.0,2307.55,2245.2,2290.6,2283.99,234536,0.0,0.0
2022-05-16,2308.0,2349.0,2224.6,2251.8,2245.31,154711,0.0,0.0
2022-05-17,2275.7,2319.25,2260.0,2294.35,2287.73,139859,0.0,0.0
2022-05-18,2312.65,2345.0,2256.45,2279.0,2272.43,270494,0.0,0.0
2022-05-19,2249.0,2298.0,2228.1,2275.05,2268.49,147689,0.0,0.0
2022-05-20,2292.3,2323.0,2275.0,2289.15,2282.55,142509,0.0,0.0
2022-05-23,2301.2,2338.0,2268.0,2297.05,2290.43,131873,0.0,0.0
2022-05-24,2290.05,2314.35,2237.05,2283.1,2276.52,113498,0.0,0.0
2022-05-25,2283.9,2299.0,2199.05,2214.5,2208.11,144343,0.0,0.0
2022-05-26,2205.95,2210.6,2172.2,2191.2,2184.88,105221,0.0,0.0
2022-05-27,2198.0,2306.3,2183.9,2284.15,2277.56,171237,0.0,0.0
2022-05-30,2306.95,2392.0,2294.0,2385.75,2378.87,411157,0.0,0.0
2022-05-31,2392.0,2468.0,2345.0,2427.25,2420.25,474302,0.0,0.0
2022-06-01,2427.25,2487.85,2400.0,2456.35,2449.27,351443,0.0,0.0
2022-06-02,2460.0,2465.0,2392.1,2418.4,2411.43,164924,0.0,0.0
2022-06-03,2427.0,2449.95,2307.85,2315.75,2309.07,195149,0.0,0.0
2022-06-06,2315.75,2376.95,2291.05,2363.45,2356.63,193033,0.0,0.0
2022-06-07,2346.0,2372.95,2311.05,2351.6,2344.82,54080,0.0,0.0
2022-06-08,2369.25,2369.25,2270.5,2305.3,2298.65,113410,0.0,0.0
2022-06-09,2306.75,2355.9,2289.8,2352.4,2345.62,101910,0.0,0.0
2022-06-10,2320.0,2362.9,2297.2,2333.35,2326.62,175206,0.0,0.0
2022-06-13,2295.0,2354.3,2252.0,2337.45,2330.71,157963,0.0,0.0
2022-06-14,2330.0,2364.0,2303.3,2321.35,2314.66,151551,0.0,0.0
2022-06-15,2339.75,2339.75,2295.0,2304.7,2298.05,283896,0.0,0.0
2022-06-16,2322.15,2358.0,2185.55,2243.95,2237.48,359448,0.0,0.0
2022-06-17,2230.1,2279.05,2132.0,2173.15,2166.88,188864,0.0,0.0
2022-06-20,2148.0,2204.1,2120.0,2187.95,2181.64,184960,0.0,0.0
2022-06-21,2190.0,2264.4,2178.05,2227.85,2221.43,160680,0.0,0.0
2022-06-22,2231.05,2245.5,2188.0,2215.95,2209.56,95802,0.0,0.0
2022-06-23,2233.0,2310.0,2213.65,2290.75,2284.14,292754,0.0,0.0
2022-06-24,2292.95,2310.0,2250.05,2290.35,2283.75,190440,0.0,0.0
2022-06-27,2304.0,2360.0,2273.05,2292.55,2285.94,289818,0.0,0.0
2022-06-28,2291.95,2302.25,2272.9,2284.8,2278.21,72430,0.0,0.0
2022-06-29,2279.95,2325.0,2230.0,2310.2,2303.54,248063,0.0,0.0
2022-06-30,2314.0,2328.95,2276.75,2300.9,2294.26,122566,0.0,0.0
2022-07-01,2260.35,2311.5,2260.35,2275.45,2268.89,97053,0.0,0.0
2022-07-04,2278.4,2372.7,2266.1,2361.5,2354.69,192539,0.0,0.0
2022-07-05,2381.0,2405.0,2344.25,2364.75,2357.93,376434,0.0,0.0
2022-07-06,2374.8,2530.0,2370.0,2517.0,2509.74,1037060,0.0,0.0
2022-07-07,2540.0,2589.45,2526.55,2562.45,2555.06,667857,0.0,0.0
2022-07-08,2569.95,2612.3,2554.0,2589.1,2581.63,534204,0.0,0.0
2022-07-11,2600.0,2630.0,2576.1,2610.85,2603.32,187883,0.0,0.0
2022-07-12,2607.0,2609.0,2529.1,2540.8,2533.47,204632,0.0,0.0
2022-07-13,2542.0,2572.25,2515.0,2544.7,2537.36,187311,0.0,0.0
2022-07-14,2544.0,2571.0,2502.7,2548.35,2541.0,204252,0.0,0.0
2022-07-15,2530.1,2575.15,2521.0,2559.45,2552.07,389496,0.0,0.0
2022-07-18,2579.0,2597.5,2554.1,2586.55,2579.09,205877,0.0,0.0
2022-07-19,2570.0,2638.7,2556.0,2590.9,2583.43,210716,0.0,0.0
2022-07-20,2586.1,2626.8,2575.15,2598.55,2591.06,258551,0.0,0.0
2022-07-21,2600.0,2835.0,2594.0,2772.75,2764.75,1136196,0.0,0.0
2022-07-22,2800.4,2800.4,2686.85,2696.4,2688.62,355041,0.0,0.0
2022-07-25,2713.0,2713.0,2636.5,2662.9,2655.22,292148,0.0,0.0
2022-07-26,2676.55,2762.95,2635.4,2713.4,2705.58,544688,0.0,0.0
2022-07-27,2713.4,2750.0,2690.4,2728.15,2720.28,250057,0.0,0.0
2022-07-28,2744.95,2748.0,2685.95,2722.25,2714.4,335265,0.0,0.0
2022-07-29,2758.55,2811.0,2701.35,2736.15,2728.26,248397,0.0,0.0
2022-08-01,2744.0,2808.2,2724.0,2745.65,2737.73,363460,0.0,0.0
2022-08-02,2744.9,2824.35,2729.35,2759.55,2751.59,366158,0.0,0.0
2022-08-03,2759.9,2768.0,2666.75,2671.6,2663.9,461656,0.0,0.0
2022-08-04,2689.0,2716.0,2642.0,2668.35,2660.66,303228,0.0,0.0
2022-08-05,2683.6,2742.0,2675.35,2688.2,2680.45,272399,0.0,0.0
2022-08-08,2694.95,2797.0,2676.1,2721.1,2713.25,382934,0.0,0.0
2022-08-10,2850.0,2850.0,2745.0,2770.4,2762.41,1043450,0.0,0.0
2022-08-11,2794.95,2836.95,2780.0,2798.3,2790.23,326247,0.0,0.0
2022-08-12,2811.8,2837.7,2786.1,2797.25,2789.18,386571,0.0,0.0
2022-08-16,2819.95,2905.0,2807.0,2898.0,2889.64,833499,0.0,0.0
2022-08-17,2909.1,2924.1,2870.0,2891.75,2883.41,481683,0.0,0.0
2022-08-18,2878.95,2935.0,2874.0,2890.5,2882.16,459776,0.0,0.0
2022-08-19,2903.95,2924.75,2813.5,2888.35,2880.02,335377,0.0,0.0
2022-08-22,2875.0,2917.1,2852.1,2869.55,2861.28,232574,0.0,0.0
2022-08-23,2845.0,2910.9,2845.0,2868.1,2859.83,574029,0.0,0.0
2022-08-24,2870.0,3089.9,2868.1,3060.45,3051.62,843342,0.0,0.0
2022-08-25,3050.0,3174.0,3041.0,3144.4,3135.33,810380,0.0,0.0
2022-08-26,3151.0,3209.7,3106.0,3170.65,3161.51,519283,0.0,0.0
2022-08-29,3140.0,3221.95,3085.55,3196.45,3187.23,501630,0.0,0.0
2022-08-30,3200.95,3273.25,3155.9,3262.75,3253.34,574816,0.0,0.0
2022-09-01,3254.9,3429.35,3244.8,3403.7,3393.88,1034069,0.0,0.0
2022-09-02,3390.0,3446.3,3360.0,3368.9,3359.19,560330,0.0,0.0
2022-09-05,3350.0,3388.0,3253.65,3289.2,3279.72,587410,0.0,0.0
2022-09-06,3317.9,3376.0,3306.55,3362.05,3352.35,407055,0.0,0.0
2022-09-07,3351.0,3380.0,3265.0,3310.3,3300.75,382798,0.0,0.0
2022-09-08,3336.65,3379.0,3312.0,3318.25,3308.68,363161,0.0,0.0
2022-09-09,3333.0,3356.95,3305.0,3314.65,3305.09,215708,0.0,0.0
2022-09-12,3330.0,3350.0,3310.25,3329.6,3320.0,179592,0.0,0.0
2022-09-13,3360.0,3433.65,3341.25,3358.85,3349.16,435755,0.0,0.0
2022-09-14,3309.9,3355.95,3271.0,3288.65,3279.17,299457,0.0,0.0
2022-09-15,3316.7,3346.95,3267.05,3296.95,3287.44,288585,0.0,0.0
2022-09-16,3304.0,3315.8,3100.0,3180.15,3170.98,482246,0.0,0.0
2022-09-19,3188.0,3223.3,3106.05,3157.8,3148.69,342412,0.0,0.0
2022-09-20,3184.2,3218.8,3131.1,3150.55,3141.47,252096,0.0,0.0
2022-09-21,3162.65,3200.0,3125.0,3129.65,3120.63,199589,0.0,0.0
2022-09-22,3136.3,3219.95,3100.0,3144.1,3135.03,334012,0.0,0.0
2022-09-23,3172.4,3172.4,3110.45,3124.65,3115.64,162047,0.0,0.0
2022-09-26,3124.0,3125.45,2966.05,3002.2,2993.54,295539,0.0,0.0
2022-09-27,3001.0,3050.0,2968.0,3032.75,3024.0,398174,0.0,0.0
2022-09-28,3027.0,3069.5,2991.6,3009.7,3001.02,344491,0.0,0.0
2022-09-29,3050.0,3050.0,2973.0,2996.2,2987.56,291653,0.0,0.0
2022-09-30,3014.85,3155.0,2992.0,3088.4,3079.49,310742,0.0,0.0
2022-10-03,3074.75,3125.1,2983.45,2994.8,2986.16,388862,0.0,0.0
2022-10-04,3059.45,3115.0,3040.0,3080.8,3071.92,313948,0.0,0.0
2022-10-06,3108.75,3237.3,3080.8,3188.85,3179.65,507339,0.0,0.0
2022-10-07,3204.0,3309.9,3177.7,3296.1,3286.6,601549,0.0,0.0
2022-10-10,3281.95,3281.95,3209.05,3230.55,3221.23,204689,0.0,0.0
2022-10-11,3239.0,3291.0,3185.0,3197.05,3187.83,294944,0.0,0.0
2022-10-12,3217.0,3259.85,3173.0,3247.5,3238.14,223256,0.0,0.0
2022-10-13,3259.0,3306.7,3238.2,3265.85,3256.43,393950,0.0,0.0
2022-10-14,3312.0,3335.0,3175.0,3194.3,3185.09,307787,0.0,0.0
2022-10-17,3190.05,3231.75,3153.3,3196.55,3187.33,303859,0.0,0.0
2022-10-18,3230.0,3273.9,3185.6,3211.6,3202.34,210090,0.0,0.0
2022-10-19,3227.0,3248.7,3203.15,3238.3,3228.96,263584,0.0,0.0
2022-10-20,3235.0,3235.0,3070.5,3132.8,3123.77,438628,0.0,0.0
2022-10-21,3145.55,3175.35,3020.0,3041.25,3032.48,364038,0.0,0.0
2022-10-24,3060.0,3076.9,3046.8,3052.8,3044.0,16594,0.0,0.0
2022-10-25,3074.95,3086.25,3020.6,3055.25,3046.44,263091,0.0,0.0
2022-10-27,3074.0,3078.0,3006.15,3039.4,3030.64,250705,0.0,0.0
2022-10-28,3035.0,3035.0,2945.0,2962.1,2953.56,336034,0.0,0.0
2022-10-31,2962.0,3061.85,2961.6,3049.75,3040.96,319759,0.0,0.0
2022-11-01,3072.45,3194.2,3060.0,3152.15,3143.06,504156,0.0,0.0
2022-11-02,3161.0,3185.0,3136.95,3170.85,3161.71,199216,0.0,0.0
2022-11-03,3159.15,3288.2,3135.1,3225.25,3215.95,362379,0.0,0.0
2022-11-04,3235.0,3267.5,3201.0,3219.9,3210.61,226208,0.0,0.0
2022-11-07,3240.0,3283.0,3208.0,3262.35,3252.94,289197,0.0,0.0
2022-11-09,3292.0,3292.0,3090.0,3103.9,3094.95,251189,0.0,0.0
2022-11-10,3103.9,3240.0,3054.5,3166.9,3157.77,507653,0.0,0.0
2022-11-11,3200.0,3222.0,3105.1,3155.85,3146.75,692497,0.0,0.0
2022-11-14,3156.0,3213.55,3011.1,3025.2,3016.48,560133,0.0,0.0
2022-11-15,3027.0,3080.0,3014.4,3027.85,3019.12,383627,0.0,0.0
2022-11-16,3043.95,3090.0,3012.0,3035.65,3026.9,468068,0.0,0.0
2022-11-17,3030.0,3135.0,3013.9,3122.2,3113.2,632485,0.0,0.0
2022-11-18,3125.0,3158.25,3062.75,3092.65,3083.73,485570,0.0,0.0
2022-11-21,3098.0,3120.0,3055.0,3082.95,3074.06,374330,0.0,0.0
2022-11-22,3089.0,3115.5,3043.05,3059.45,3050.63,318799,0.0,0.0
2022-11-23,3071.0,3108.85,3056.4,3099.3,3090.36,331230,0.0,0.0
2022-11-24,3114.0,3170.0,3101.05,3124.95,3115.94,549566,0.0,0.0
2022-11-25,3140.1,3159.0,3080.0,3090.85,3081.94,340177,0.0,0.0
2022-11-28,3100.0,3131.9,3087.15,3103.35,3094.4,321071,0.0,0.0
2022-11-29,3105.0,3113.5,3010.0,3015.2,3006.51,383945,0.0,0.0
2022-11-30,3021.9,3074.0,2979.0,3000.7,2992.05,6409415,0.0,0.0
2022-12-01,3009.95,3030.0,2964.45,2993.85,2985.22,499243,0.0,0.0
2022-12-02,2995.35,3009.0,2922.2,2978.1,2969.51,440688,0.0,0.0
2022-12-05,2975.0,3001.95,2947.0,2975.6,2967.02,216805,0.0,0.0
2022-12-06,2974.95,2994.9,2936.7,2944.1,2935.61,238124,0.0,0.0
2022-12-07,2925.0,2995.0,2921.0,2969.05,2960.49,428075,0.0,0.0
2022-12-08,2989.9,2994.45,2960.3,2988.35,2979.73,224644,0.0,0.0
2022-12-09,3010.0,3035.8,2940.0,2976.65,2968.07,329565,0.0,0.0
2022-12-12,2978.95,2999.55,2945.0,2991.4,2982.77,197711,0.0,0.0
2022-12-13,2982.05,3015.6,2979.0,2993.15,2984.52,120072,0.0,0.0
2022-12-14,3005.0,3029.0,2998.4,3006.7,2998.03,307596,0.0,0.0
2022-12-15,3004.95,3013.95,2916.0,2930.2,2921.75,258936,0.0,0.0
2022-12-16,2920.0,2927.95,2825.0,2838.5,2830.31,425206,0.0,0.0
2022-12-19,2836.0,2903.5,2831.3,2897.25,2888.9,397439,0.0,0.0
2022-12-20,2893.1,2936.0,2880.3,2924.85,2916.42,380570,0.0,0.0
2022-12-21,2930.0,2951.2,2831.2,2841.0,2832.81,195307,0.0,0.0
2022-12-22,2852.4,2852.4,2778.2,2802.8,2794.72,234442,0.0,0.0
2022-12-23,2780.0,2783.95,2666.25,2680.75,2673.02,209507,0.0,0.0
2022-12-26,2685.0,2744.65,2640.0,2724.65,2716.79,171579,0.0,0.0
2022-12-27,2750.15,2757.55,2708.6,2742.65,2734.74,117811,0.0,0.0
2022-12-28,2735.05,2762.75,2708.0,2724.35,2716.49,127712,0.0,0.0
2022-12-29,2725.0,2737.0,2678.95,2684.2,2676.46,225208,0.0,0.0
2022-12-30,2694.5,2727.95,2676.8,2683.0,2675.26,155615,0.0,0.0
2023-01-02,2685.0,2713.0,2662.5,2679.95,2672.22,135840,0.0,0.0
2023-01-03,2693.35,2694.1,2676.0,2689.4,2681.64,155374,0.0,0.0
2023-01-04,2690.0,2736.0,2690.0,2705.2,2697.4,313367,0.0,0.0
2023-01-05,2725.55,2814.1,2720.15,2806.0,2797.91,361324,0.0,0.0
2023-01-06,2821.0,2858.0,2810.3,2843.6,2835.4,630345,0.0,0.0
2023-01-09,2861.05,2882.35,2830.65,2862.1,2853.85,179843,0.0,0.0
2023-01-10,2860.0,2865.0,2801.55,2841.65,2833.46,140490,0.0,0.0
2023-01-11,2848.0,2909.0,2825.0,2900.2,2891.84,457133,0.0,0.0
2023-01-12,2908.0,2935.0,2881.9,2914.15,2905.75,212709,0.0,0.0
2023-01-13,2921.6,2923.1,2883.95,2899.95,2891.59,103382,0.0,0.0
2023-01-16,2900.95,2916.75,2861.2,2872.4,2864.12,97665,0.0,0.0
2023-01-17,2878.7,2896.85,2835.0,2874.95,2866.66,88725,0.0,0.0
2023-01-18,2888.0,2925.0,2877.0,2920.35,2911.93,152461,0.0,0.0
2023-01-19,2920.7,2979.0,2910.5,2918.65,2910.23,258856,0.0,0.0
2023-01-20,2934.9,2945.85,2911.1,2933.75,2925.29,131815,0.0,0.0
2023-01-23,2940.0,2952.05,2917.65,2947.7,2939.2,260669,0.0,0.0
2023-01-24,2957.45,2957.45,2920.0,2945.05,2936.56,147969,0.0,0.0
2023-01-25,2943.0,2947.0,2862.4,2873.35,2865.06,191195,0.0,0.0
2023-01-27,2887.95,2897.85,2760.0,2803.2,2795.12,149121,0.0,0.0
2023-01-30,2813.0,2868.0,2786.15,2814.85,2806.73,176771,0.0,0.0
2023-01-31,2815.0,2865.0,2802.5,2839.5,2831.31,236077,0.0,0.0
2023-02-01,2860.0,2962.55,2753.85,2789.1,2781.06,623110,0.0,0.0
2023-02-02,2775.45,2852.95,2752.05,2831.6,2823.43,236358,0.0,0.0
2023-02-03,2845.0,2849.0,2776.0,2805.85,2797.76,194330,0.0,0.0
2023-02-06,2804.0,2940.0,2782.1,2932.0,2923.55,197958,0.0,0.0
2023-02-07,2949.95,3035.0,2901.0,3023.5,3014.78,370039,0.0,0.0
2023-02-08,3031.95,3090.0,3009.05,3079.45,3070.57,408409,0.0,0.0
2023-02-09,3083.0,3140.0,3068.8,3128.05,3119.03,262690,0.0,0.0
2023-02-10,3134.95,3171.0,3097.05,3166.3,3157.17,300374,0.0,0.0
2023-02-13,3195.0,3210.0,3005.55,3079.65,3070.77,1255147,0.0,0.0
2023-02-14,3094.0,3171.0,3022.65,3077.3,3068.43,613928,0.0,0.0
2023-02-15,3079.9,3190.0,3074.45,3149.6,3140.52,619722,0.0,0.0
2023-02-16,3165.35,3205.0,3135.0,3188.4,3179.21,252897,0.0,0.0
2023-02-17,3192.0,3238.0,3121.2,3136.15,3127.11,353966,0.0,0.0
2023-02-20,3154.05,3224.9,3139.0,3174.15,3165.0,305386,0.0,0.0
2023-02-21,3195.65,3207.25,3145.0,3169.4,3160.26,314522,0.0,0.0
2023-02-22,3169.95,3188.9,3129.3,3172.8,3163.65,218407,0.0,0.0
2023-02-23,3178.0,3180.0,3122.1,3138.35,3129.3,155736,0.0,0.0
2023-02-24,3154.0,3174.0,3132.1,3142.0,3132.94,141718,0.0,0.0
2023-02-27,3149.7,3179.0,3053.1,3108.05,3099.09,220001,0.0,0.0
2023-02-28,3123.6,3247.0,3104.8,3217.35,3208.07,923123,0.0,0.0
2023-03-01,3232.0,3319.7,3206.7,3311.45,3301.9,556560,0.0,0.0
2023-03-02,3318.0,3339.85,3286.0,3323.4,3313.82,351509,0.0,0.0
2023-03-03,3335.95,3364.0,3311.05,3328.75,3319.15,446442,0.0,0.0
2023-03-06,3339.9,3364.75,3301.35,3318.45,3308.88,294806,0.0,0.0
2023-03-08,3318.45,3398.9,3300.0,3379.85,3370.1,448991,0.0,0.0
2023-03-09,3393.7,3434.0,3380.0,3388.0,3378.23,333450,0.0,0.0
2023-03-10,3379.85,3386.65,3327.0,3377.4,3367.66,194714,0.0,0.0
2023-03-13,3393.0,3401.05,3265.05,3274.45,3265.01,276376,0.0,0.0
2023-03-14,3287.0,3322.9,3233.65,3311.15,3301.6,330853,0.0,0.0
2023-03-15,3344.0,3347.95,3286.0,3302.25,3292.73,228737,0.0,0.0
2023-03-16,3282.05,3344.65,3252.0,3327.95,3318.35,257895,0.0,0.0
2023-03-17,3347.05,3364.0,3286.6,3312.55,3303.0,256724,0.0,0.0
2023-03-20,3300.0,3329.0,3266.45,3298.85,3289.34,175472,0.0,0.0
2023-03-21,3299.0,3432.95,3299.0,3412.35,3402.51,278420,0.0,0.0
2023-03-22,3413.05,3427.2,3301.05,3309.9,3300.36,288396,0.0,0.0
2023-03-23,3310.0,3384.0,3301.35,3360.45,3350.76,369001,0.0,0.0
2023-03-24,3377.35,3392.0,3330.0,3346.7,3337.05,180779,0.0,0.0
2023-03-27,3354.0,3368.9,3313.8,3324.6,3315.01,171779,0.0,0.0
2023-03-28,3357.0,3385.0,3303.0,3338.65,3329.02,184543,0.0,0.0
2023-03-29,3339.9,3415.65,3333.0,3391.45,3381.67,1031003,0.0,0.0
2023-03-31,3391.0,3420.0,3350.1,3365.15,3355.45,329944,0.0,0.0
2023-04-03,3388.0,3418.0,3338.0,3373.75,3364.02,323147,0.0,0.0
2023-04-05,3388.95,3390.0,3347.05,3374.15,3364.42,221406,0.0,0.0
2023-04-06,3380.05,3467.95,3366.0,3397.1,3387.3,733361,0.0,0.0
2023-04-10,3419.9,3419.9,3369.7,3397.65,3387.85,193423,0.0,0.0
2023-04-11,3383.0,3383.0,3267.1,3277.45,3268.0,493329,0.0,0.0
2023-04-12,3293.9,3301.3,3196.55,3203.55,3194.31,498526,0.0,0.0
2023-04-13,3216.8,3256.65,3173.0,3230.0,3220.69,402975,0.0,0.0
2023-04-17,3250.0,3270.0,3213.0,3229.0,3219.69,286059,0.0,0.0
2023-04-18,3240.0,3259.85,3202.9,3207.7,3198.45,277893,0.0,0.0
2023-04-19,3213.0,3243.0,3186.05,3201.05,3191.82,266982,0.0,0.0
2023-04-20,3212.0,3231.75,3178.0,3184.3,3175.12,276392,0.0,0.0
2023-04-21,3198.0,3212.55,3141.15,3153.3,3144.21,267054,0.0,0.0
2023-04-24,3164.7,3232.0,3160.65,3217.4,3208.12,314556,0.0,0.0
2023-04-25,3228.0,3355.0,3210.05,3336.1,3326.48,690245,0.0,0.0
2023-04-26,3345.0,3407.0,3330.0,3400.15,3390.34,361730,0.0,0.0
2023-04-27,3405.0,3421.9,3376.05,3411.6,3407.27,327674,5.5,0.0
2023-04-28,3409.0,3439.25,3386.0,3417.95,3413.62,251132,0.0,0.0
2023-05-02,3420.0,3464.25,3390.4,3442.15,3437.78,331768,0.0,0.0
2023-05-03,3443.0,3480.0,3407.15,3453.6,3449.22,359375,0.0,0.0
2023-05-04,3484.0,3662.75,3455.0,3645.35,3640.73,1282221,0.0,0.0
2023-05-05,3653.0,3753.65,3649.95,3718.85,3714.13,978769,0.0,0.0
2023-05-08,3728.45,3818.4,3720.0,3802.6,3797.78,321297,0.0,0.0
2023-05-09,3814.95,3816.85,3765.05,3807.05,3802.22,395444,0.0,0.0
2023-05-10,3809.4,3839.5,3791.0,3815.45,3810.61,253030,0.0,0.0
2023-05-11,3815.0,3870.15,3805.1,3860.45,3855.55,221052,0.0,0.0
2023-05-12,3851.15,3956.0,3850.0,3942.55,3937.55,404269,0.0,0.0
2023-05-15,3935.0,3939.0,3845.0,3855.45,3850.56,227276,0.0,0.0
2023-05-16,3851.0,3933.75,3845.6,3910.5,3905.54,268910,0.0,0.0
2023-05-17,3904.5,3946.05,3877.0,3918.9,3913.93,187846,0.0,0.0
2023-05-18,3920.5,3935.0,3890.55,3897.5,3892.56,141795,0.0,0.0
2023-05-19,3890.1,3925.0,3845.6,3894.75,3889.81,154467,0.0,0.0
2023-05-22,3870.0,3927.85,3809.5,3893.2,3888.26,275112,0.0,0.0
2023-05-23,3894.95,3967.95,3872.3,3912.75,3907.79,279818,0.0,0.0
2023-05-24,3912.0,3954.65,3883.05,3891.65,3886.71,205631,0.0,0.0
2023-05-25,3885.0,3957.0,3881.95,3941.95,3936.95,339853,0.0,0.0
2023-05-26,3955.0,4012.3,3950.0,4004.75,3999.67,327697,0.0,0.0
2023-05-29,4025.95,4058.1,4012.3,4031.15,4026.04,277673,0.0,0.0
2023-05-30,4028.0,4059.95,4008.15,4029.6,4024.49,179306,0.0,0.0
2023-05-31,4012.75,4299.0,3989.55,4125.9,4120.67,1169176,0.0,0.0
2023-06-01,4131.55,4140.0,3936.8,3944.65,3939.65,421490,0.0,0.0
2023-06-02,3977.0,4028.2,3938.5,4021.55,4016.45,397566,0.0,0.0
2023-06-05,4035.0,4069.0,3978.0,4033.0,4027.89,316713,0.0,0.0
2023-06-06,4045.0,4091.95,4032.95,4057.65,4052.5,240261,0.0,0.0
2023-06-07,4068.6,4162.0,4058.9,4151.1,4145.84,241488,0.0,0.0
2023-06-08,4170.0,4171.95,4085.0,4112.3,4107.08,171143,0.0,0.0
2023-06-09,4137.9,4164.1,4107.0,4151.2,4145.94,140674,0.0,0.0
2023-06-12,4157.45,4173.7,4097.15,4151.45,4146.19,197995,0.0,0.0
2023-06-13,4155.65,4329.85,4140.8,4319.8,4314.32,484212,0.0,0.0
2023-06-14,4327.0,4369.35,4288.55,4349.85,4344.33,282696,0.0,0.0
2023-06-15,4340.0,4348.25,4280.0,4313.65,4308.18,144416,0.0,0.0
2023-06-16,4300.0,4350.0,4288.0,4336.9,4331.4,153331,0.0,0.0
2023-06-19,4369.0,4411.3,4311.75,4327.65,4322.16,177825,0.0,0.0
2023-06-20,4311.8,4384.0,4311.8,4376.0,4370.45,231190,0.0,0.0
2023-06-21,4393.95,4443.9,4323.55,4366.45,4360.91,304147,0.0,0.0
2023-06-22,4351.1,4373.0,4261.0,4270.5,4265.08,188292,0.0,0.0
2023-06-23,4279.9,4303.8,4216.55,4239.7,4234.32,204714,0.0,0.0
2023-06-26,4237.0,4300.0,4216.3,4285.35,4279.92,138748,0.0,0.0
2023-06-27,4315.25,4347.0,4270.0,4294.5,4289.05,217841,0.0,0.0
2023-06-28,4324.75,4444.0,4301.0,4411.1,4405.51,339541,0.0,0.0
2023-06-30,4421.0,4444.0,4375.3,4423.0,4417.39,209317,0.0,0.0
2023-07-03,4450.0,4488.7,4389.05,4411.25,4405.66,247575,0.0,0.0
2023-07-04,4411.25,4442.1,4350.0,4360.7,4355.17,103281,0.0,0.0
2023-07-05,4370.0,4428.95,4360.7,4390.6,4385.03,89263,0.0,0.0
2023-07-06,4420.0,4445.25,4384.0,4400.15,4394.57,159465,0.0,0.0
2023-07-07,4400.0,4430.0,4353.0,4399.75,4394.17,121844,0.0,0.0
2023-07-10,4414.85,4426.6,4350.0,4369.65,4364.11,117305,0.0,0.0
2023-07-11,4381.95,4522.75,4380.2,4499.25,4493.54,300170,0.0,0.0
2023-07-12,4517.0,4555.0,4477.5,4528.45,4522.71,204362,0.0,0.0
2023-07-13,4544.75,4558.0,4395.0,4407.3,4401.71,226427,0.0,0.0
2023-07-14,4426.0,4463.3,4355.35,4383.8,4378.24,273514,0.0,0.0
2023-07-17,4393.9,4456.7,4377.15,4418.95,4413.35,194300,0.0,0.0
2023-07-18,4421.0,4545.0,4421.0,4490.85,4485.16,350377,0.0,0.0
2023-07-19,4495.5,4614.35,4485.0,4493.5,4487.8,422756,0.0,0.0
2023-07-20,4500.0,4505.1,4141.1,4204.0,4198.67,1566115,0.0,0.0
2023-07-21,4204.0,4317.65,4199.2,4225.8,4220.44,413021,0.0,0.0
2023-07-24,4250.0,4350.0,4250.0,4322.05,4316.57,291808,0.0,0.0
2023-07-25,4335.0,4369.45,4271.15,4333.1,4327.6,230780,0.0,0.0
2023-07-26,4335.35,4420.45,4331.45,4398.5,4392.92,214947,0.0,0.0
2023-07-27,4402.0,4491.55,4368.0,4400.1,4394.52,334733,0.0,0.0
2023-07-28,4424.95,4541.95,4410.25,4516.2,4510.47,415070,0.0,0.0
2023-07-31,4505.55,4608.0,4505.55,4552.8,4547.03,254120,0.0,0.0
2023-08-01,4578.75,4589.3,4498.0,4519.65,4513.92,119691,0.0,0.0
2023-08-02,4508.0,4557.0,4380.0,4408.0,4402.41,217964,0.0,0.0
2023-08-03,4408.0,4438.0,4325.0,4372.95,4367.4,195937,0.0,0.0
2023-08-04,4311.0,4449.0,4311.0,4438.05,4432.42,199490,0.0,0.0
2023-08-07,4460.25,4541.15,4417.6,4525.95,4520.21,235866,0.0,0.0
2023-08-08,4547.95,4547.95,4445.0,4476.65,4470.97,151125,0.0,0.0
2023-08-09,4487.9,4557.0,4415.55,4520.95,4515.22,392322,0.0,0.0
2023-08-10,4519.85,4550.0,4479.1,4505.1,4499.39,169628,0.0,0.0
2023-08-11,4516.55,4559.0,4487.0,4526.65,4520.91,212151,0.0,0.0
2023-08-14,4500.0,4500.0,4254.2,4354.7,4349.18,753925,0.0,0.0
2023-08-16,4354.7,4400.0,4255.1,4299.85,4294.4,295770,0.0,0.0
2023-08-17,4309.85,4341.9,4275.55,4313.7,4308.23,183884,0.0,0.0
2023-08-18,4314.8,4343.45,4270.0,4279.5,4274.07,230500,0.0,0.0
2023-08-21,4298.8,4331.2,4251.0,4317.2,4311.73,294745,0.0,0.0
2023-08-22,4339.75,4339.75,4286.0,4324.3,4318.82,216566,0.0,0.0
2023-08-23,4344.0,4347.1,4293.8,4302.6,4297.14,144208,0.0,0.0
2023-08-24,4334.0,4390.0,4316.25,4336.95,4331.45,233683,0.0,0.0
2023-08-25,4339.95,4345.0,4220.2,4244.5,4244.5,220479,5.5,0.0
2023-08-28,4259.9,4310.0,4245.0,4264.1,4264.1,197684,0.0,0.0
2023-08-29,4274.9,4329.95,4244.1,4318.85,4318.85,187724,0.0,0.0
2023-08-30,4335.0,4365.0,4323.5,4345.95,4345.95,187244,0.0,0.0
2023-08-31,4360.0,4390.0,4346.0,4381.55,4381.55,432110,0.0,0.0
2023-09-01,4381.35,4399.0,4271.0,4291.45,4291.45,164901,0.0,0.0
2023-09-04,4300.0,4328.0,4245.25,4309.3,4309.3,298303,0.0,0.0
2023-09-05,4339.45,4450.0,4315.1,4440.8,4440.8,306152,0.0,0.0
2023-09-06,4469.9,4540.0,4443.05,4500.3,4500.3,504897,0.0,0.0
2023-09-07,4506.95,4507.0,4442.55,4448.6,4448.6,193416,0.0,0.0
2023-09-08,4464.9,4515.0,4435.0,4458.55,4458.55,231272,0.0,0.0
2023-09-11,4484.95,4678.0,4460.05,4618.85,4618.85,684497,0.0,0.0
2023-09-12,4641.9,4641.9,4384.0,4401.9,4401.9,433279,0.0,0.0
2023-09-13,4419.0,4423.2,4260.0,4341.1,4341.1,362583,0.0,0.0
2023-09-14,4360.05,4387.5,4316.3,4366.2,4366.2,138301,0.0,0.0
2023-09-15,4390.0,4396.9,4340.6,4379.4,4379.4,223156,0.0,0.0
2023-09-18,4377.0,4385.8,4305.7,4320.3,4320.3,105351,0.0,0.0
2023-09-20,4302.0,4427.9,4285.1,4329.05,4329.05,275335,0.0,0.0
2023-09-21,4345.0,4356.2,4260.0,4276.2,4276.2,146287,0.0,0.0
2023-09-22,4317.0,4317.0,4165.0,4187.0,4187.0,250138,0.0,0.0
2023-09-25,4219.3,4219.65,4123.0,4176.9,4176.9,274277,0.0,0.0
2023-09-26,4160.1,4223.0,4151.3,4205.2,4205.2,179832,0.0,0.0
2023-09-27,4225.0,4240.25,4168.8,4233.35,4233.35,217834,0.0,0.0
2023-09-28,4250.0,4250.0,4087.7,4101.7,4101.7,259081,0.0,0.0
2023-09-29,4120.0,4147.95,4089.6,4098.25,4098.25,270878,0.0,0.0
2023-10-03,4103.95,4149.95,4058.15,4091.95,4091.95,303772,0.0,0.0
2023-10-04,4055.2,4089.85,3978.35,3997.5,3997.5,438394,0.0,0.0
2023-10-05,4032.0,4107.15,3997.5,4067.8,4067.8,310894,0.0,0.0
2023-10-06,4080.05,4145.0,4068.0,4133.1,4133.1,207353,0.0,0.0
2023-10-09,4122.1,4122.1,4060.0,4099.7,4099.7,122211,0.0,0.0
2023-10-10,4119.9,4205.85,4088.05,4192.7,4192.7,244817,0.0,0.0
2023-10-11,4213.3,4226.3,4170.0,4185.4,4185.4,158952,0.0,0.0
2023-10-12,4202.05,4236.95,4190.1,4216.05,4216.05,246829,0.0,0.0
2023-10-13,4200.0,4235.0,4190.0,4229.2,4229.2,149733,0.0,0.0
2023-10-16,4239.95,4299.4,4225.9,4281.45,4281.45,264960,0.0,0.0
2023-10-17,4287.95,4307.85,4254.25,4283.6,4283.6,130579,0.0,0.0
2023-10-18,4298.0,4339.4,4083.05,4098.3,4098.3,621225,0.0,0.0
2023-10-19,4098.3,4121.6,4032.25,4094.15,4094.15,388946,0.0,0.0
2023-10-20,4089.95,4094.0,4001.0,4015.3,4015.3,204827,0.0,0.0
2023-10-23,4021.7,4041.2,3930.0,3942.7,3942.7,162161,0.0,0.0
2023-10-25,3949.0,4020.25,3895.3,3930.5,3930.5,261645,0.0,0.0
2023-10-26,3930.0,3995.35,3850.0,3958.25,3958.25,302100,0.0,0.0
2023-10-27,3989.95,4085.5,3969.05,4008.5,4008.5,262816,0.0,0.0
2023-10-30,4036.6,4101.0,3990.55,4070.2,4070.2,114014,0.0,0.0
2023-10-31,4099.0,4125.0,4028.85,4109.3,4109.3,205697,0.0,0.0
2023-11-01,4120.0,4147.0,4044.9,4055.0,4055.0,187184,0.0,0.0
2023-11-02,4089.7,4112.7,4067.55,4076.95,4076.95,170196,0.0,0.0
2023-11-03,4105.5,4180.0,4078.05,4167.5,4167.5,183990,0.0,0.0
2023-11-06,4195.0,4223.55,4141.3,4203.7,4203.7,231433,0.0,0.0
2023-11-07,4214.0,4233.15,4173.0,4208.8,4208.8,122172,0.0,0.0
2023-11-08,4239.0,4288.0,4218.05,4275.55,4275.55,216669,0.0,0.0
2023-11-09,4284.9,4372.95,4216.0,4310.5,4310.5,522498,0.0,0.0
2023-11-10,4328.0,4382.95,4223.0,4239.3,4239.3,640836,0.0,0.0
2023-11-13,4235.9,4307.85,4202.55,4262.75,4262.75,157036,0.0,0.0
2023-11-15,4292.7,4304.95,4252.0,4258.8,4258.8,95758,0.0,0.0
2023-11-16,4285.0,4286.9,4210.05,4232.75,4232.75,130755,0.0,0.0
2023-11-17,4242.0,4298.0,4215.75,4285.05,4285.05,121481,0.0,0.0
2023-11-20,4316.0,4365.35,4295.0,4347.0,4347.0,243547,0.0,0.0
2023-11-21,4393.95,4429.9,4335.05,4345.3,4345.3,345900,0.0,0.0
2023-11-22,4360.1,4375.65,4220.3,4234.4,4234.4,176385,0.0,0.0
2023-11-23,4250.0,4279.95,4220.0,4260.55,4260.55,82762,0.0,0.0
2023-11-24,4265.0,4276.45,4224.0,4262.35,4262.35,116246,0.0,0.0
2023-11-28,4289.0,4289.0,4195.55,4255.25,4255.25,184551,0.0,0.0
2023-11-29,4263.25,4274.2,4231.65,4244.05,4244.05,78223,0.0,0.0
2023-11-30,4256.0,4465.0,4234.1,4419.75,4419.75,558962,0.0,0.0
2023-12-01,4449.0,4449.0,4375.8,4387.25,4387.25,150704,0.0,0.0
2023-12-04,4419.75,4683.0,4419.1,4630.75,4630.75,798523,0.0,0.0
2023-12-05,4662.7,4865.05,4591.65,4846.6,4846.6,860640,0.0,0.0
2023-12-06,4855.0,4885.45,4721.75,4738.4,4738.4,248801,0.0,0.0
2023-12-07,4750.05,4790.25,4699.55,4744.8,4744.8,177991,0.0,0.0
2023-12-08,4789.9,4843.35,4684.45,4746.8,4746.8,231897,0.0,0.0
2023-12-11,4778.0,4833.5,4760.05,4786.85,4786.85,148181,0.0,0.0
2023-12-12,4798.1,4819.75,4690.05,4721.3,4721.3,201663,0.0,0.0
2023-12-13,4730.95,4777.3,4675.05,4767.35,4767.35,166968,0.0,0.0
2023-12-14,4801.4,4834.95,4734.7,4792.4,4792.4,150017,0.0,0.0
2023-12-15,4806.05,4929.55,4763.6,4835.1,4835.1,371899,0.0,0.0
2023-12-18,4834.0,4957.0,4781.85,4888.4,4888.4,356079,0.0,0.0
2023-12-19,4922.0,4925.6,4800.05,4838.95,4838.95,223298,0.0,0.0
2023-12-20,4854.0,4895.0,4562.15,4614.35,4614.35,347680,0.0,0.0
2023-12-21,4599.2,4705.45,4529.1,4684.5,4684.5,191984,0.0,0.0
2023-12-22,4723.0,4765.0,4686.1,4759.0,4759.0,155535,0.0,0.0
2023-12-26,4771.35,4824.0,4747.25,4771.35,4771.35,121004,0.0,0.0
2023-12-27,4799.95,4822.9,4724.0,4733.6,4733.6,165313,0.0,0.0
2023-12-28,4746.7,4765.4,4622.0,4642.95,4642.95,478064,0.0,0.0
2023-12-29,4669.0,4688.0,4618.6,4674.85,4674.85,147991,0.0,0.0
2024-01-01,4674.85,4715.0,4653.8,4682.2,4682.2,84544,0.0,0.0
2024-01-02,4699.95,4713.0,4600.0,4701.6,4701.6,178550,0.0,0.0
2024-01-03,4714.0,4829.9,4699.1,4775.55,4775.55,291954,0.0,0.0
2024-01-04,4818.9,4866.0,4770.05,4824.75,4824.75,266936,0.0,0.0
2024-01-05,4855.95,4900.0,4802.0,4832.35,4832.35,118877,0.0,0.0
2024-01-08,4856.0,4856.0,4740.0,4752.95,4752.95,60882,0.0,0.0
2024-01-09,4784.0,4973.65,4780.0,4920.4,4920.4,571239,0.0,0.0
2024-01-10,4929.95,4957.6,4873.45,4935.7,4935.7,241276,0.0,0.0
2024-01-11,4947.95,4990.05,4860.0,4871.85,4871.85,87455,0.0,0.0
2024-01-12,4909.9,4909.9,4771.65,4783.95,4783.95,145377,0.0,0.0
2024-01-15,4809.0,4809.0,4725.0,4752.9,4752.9,104057,0.0,0.0
2024-01-16,4770.0,4842.3,4750.05,4809.3,4809.3,192280,0.0,0.0
2024-01-17,4798.0,4863.7,4731.4,4773.05,4773.05,163852,0.0,0.0
2024-01-18,4765.0,4797.4,4665.0,4710.35,4710.35,151382,0.0,0.0
2024-01-19,4738.45,4844.1,4738.45,4820.45,4820.45,132723,0.0,0.0
2024-01-23,4750.95,4897.0,4735.9,4770.55,4770.55,348426,0.0,0.0
2024-01-24,4764.95,4814.9,4613.8,4731.25,4731.25,293735,0.0,0.0
2024-01-25,4768.0,4794.95,4665.0,4739.3,4739.3,114581,0.0,0.0
2024-01-29,4751.0,4807.15,4715.4,4791.55,4791.55,87854,0.0,0.0
2024-01-30,4825.0,4860.0,4715.95,4729.75,4729.75,152802,0.0,0.0
2024-01-31,4749.0,4762.75,4631.0,4671.6,4671.6,292837,0.0,0.0
2024-02-01,4692.0,4698.0,4340.3,4546.05,4546.05,825760,0.0,0.0
2024-02-02,4546.05,4594.95,4463.0,4480.45,4480.45,315504,0.0,0.0
2024-02-05,4500.0,4538.5,4343.75,4368.2,4368.2,290961,0.0,0.0
2024-02-06,4378.0,4423.6,4362.05,4403.0,4403.0,177927,0.0,0.0
2024-02-07,4434.55,4629.3,4434.5,4575.1,4575.1,281178,0.0,0.0
2024-02-08,4610.0,4610.0,4440.1,4450.4,4450.4,132187,0.0,0.0
2024-02-09,4464.0,4501.45,4412.7,4489.45,4489.45,203496,0.0,0.0
2024-02-12,4484.9,4552.3,4400.0,4428.4,4428.4,149594,0.0,0.0
2024-02-13,4448.0,4485.35,4375.8,4464.85,4464.85,290402,0.0,0.0
2024-02-14,4441.85,4621.1,4427.85,4558.4,4558.4,371445,0.0,0.0
2024-02-15,4575.0,4587.9,4460.65,4468.6,4468.6,286311,0.0,0.0
2024-02-16,4510.0,4539.7,4469.45,4524.15,4524.15,185797,0.0,0.0
2024-02-19,4540.0,4555.85,4449.15,4488.85,4488.85,155541,0.0,0.0
2024-02-20,4514.75,4547.0,4461.6,4524.5,4524.5,169172,0.0,0.0
2024-02-21,4640.0,5134.0,4640.0,4984.7,4984.7,4404765,0.0,0.0
2024-02-22,5200.0,5450.0,5081.6,5425.0,5425.0,4222692,0.0,0.0
2024-02-23,5420.0,5518.1,5320.65,5392.05,5392.05,1578299,0.0,0.0
2024-02-26,5359.05,5432.3,5136.05,5296.2,5296.2,1164768,0.0,0.0
2024-02-27,5270.0,5474.75,5245.5,5450.5,5450.5,656105,0.0,0.0
2024-02-28,5440.0,5552.0,5380.25,5428.6,5428.6,785448,0.0,0.0
2024-02-29,5444.95,5485.0,5350.45,5444.95,5444.95,527441,0.0,0.0
2024-03-01,5498.0,5524.6,5455.0,5489.85,5489.85,345570,0.0,0.0
2024-03-04,5490.0,5665.0,5488.85,5631.55,5631.55,484602,0.0,0.0
2024-03-05,5620.0,5695.0,5571.45,5680.85,5680.85,340244,0.0,0.0
2024-03-06,5660.0,5720.0,5588.45,5700.7,5700.7,401305,0.0,0.0
2024-03-07,5697.05,5792.0,5675.0,5770.75,5770.75,289128,0.0,0.0
